Project,File,Spotbug,PMD,Infer,Spotbug Mutated,PMD Mutated,Infer Mutated,Spotbug Killed,PMD Killed,Infer Killed,Spotbug % (Project),PMD % (Project),Infer % (Project)
jbot,BaseBot.java,1,1,0,1,2,0,False,True,False,12.656364974245768,13.392200147167035,0.0
jbot,BaseBot.java,1,1,0,1,1,0,False,False,False,,,
jbot,BaseBot.java,1,1,0,1,1,0,False,False,False,,,
jbot,BaseBot.java,1,1,0,1,2,0,False,True,False,,,
jbot,BaseBot.java,1,1,0,1,2,0,False,True,False,,,
jbot,BaseBot.java,1,1,0,1,1,0,False,False,False,,,
jbot,BaseBot.java,1,1,0,1,2,0,False,True,False,,,
jbot,BaseBot.java,1,1,0,1,2,0,False,True,False,,,
jbot,BaseBot.java,1,1,0,1,1,0,False,False,False,,,
jbot,BaseBot.java,1,1,0,1,1,0,False,False,False,,,
jbot,BaseBot.java,1,1,0,1,2,0,False,True,False,,,
jbot,BaseBot.java,1,1,0,2,1,0,True,False,False,,,
jbot,BaseBot.java,1,1,0,2,1,0,True,False,False,,,
jbot,BaseBot.java,1,1,0,1,2,0,False,True,False,,,
jbot,BaseBot.java,1,1,0,1,1,0,False,False,False,,,
jbot,BaseBot.java,1,1,0,2,1,0,True,False,False,,,
jbot,BaseBot.java,1,1,0,1,1,0,False,False,False,,,
jbot,BaseBot.java,1,1,0,1,1,0,False,False,False,,,
jbot,BaseBot.java,1,1,0,1,2,0,False,True,False,,,
jbot,BaseBot.java,1,1,0,2,2,0,True,True,False,,,
jbot,BaseBot.java,1,1,0,3,1,0,True,False,False,,,
jbot,BaseBot.java,1,1,0,2,2,0,True,True,False,,,
jbot,BaseBot.java,1,1,0,1,1,0,False,False,False,,,
jbot,BaseBot.java,1,1,0,1,1,0,False,False,False,,,
jbot,BaseBot.java,1,1,0,3,1,0,True,False,False,,,
jbot,BaseBot.java,1,1,0,3,1,0,True,False,False,,,
jbot,BaseBot.java,1,1,0,1,1,0,False,False,False,,,
jbot,BaseBot.java,1,1,0,1,1,0,False,False,False,,,
jbot,BaseBot.java,1,1,0,1,2,0,False,True,False,,,
jbot,BaseBot.java,1,1,0,1,1,0,False,False,False,,,
jbot,BaseBot.java,1,1,0,1,1,0,False,False,False,,,
jbot,BaseBot.java,1,1,0,1,1,0,False,False,False,,,
jbot,BaseBot.java,1,1,0,1,1,0,False,False,False,,,
jbot,BaseBot.java,1,1,0,1,1,0,False,False,False,,,
jbot,BaseBot.java,1,1,0,1,1,0,False,False,False,,,
jbot,BaseBot.java,1,1,0,1,1,0,False,False,False,,,
jbot,BaseBot.java,1,1,0,1,2,0,False,True,False,,,
jbot,BaseBot.java,1,1,0,1,1,0,False,False,False,,,
jbot,BaseBot.java,1,1,0,1,1,0,False,False,False,,,
jbot,BaseBot.java,1,1,0,1,1,0,False,False,False,,,
jbot,BaseBot.java,1,1,0,3,1,0,True,False,False,,,
jbot,BaseBot.java,1,1,0,2,1,0,True,False,False,,,
jbot,BaseBot.java,1,1,0,1,1,0,False,False,False,,,
jbot,BaseBot.java,1,1,0,2,1,0,True,False,False,,,
jbot,BaseBot.java,1,1,0,2,1,0,True,False,False,,,
jbot,BaseBot.java,1,1,0,1,1,0,False,False,False,,,
jbot,BaseBot.java,1,1,0,1,1,0,False,False,False,,,
jbot,BaseBot.java,1,1,0,1,1,0,False,False,False,,,
jbot,BaseBot.java,1,1,0,1,1,0,False,False,False,,,
jbot,BaseBot.java,1,1,0,1,1,0,False,False,False,,,
jbot,BaseBot.java,1,1,0,3,1,0,True,False,False,,,
jbot,BaseBot.java,1,1,0,3,1,0,True,False,False,,,
jbot,BaseBot.java,1,1,0,2,1,0,True,False,False,,,
jbot,BaseBot.java,1,1,0,3,1,0,True,False,False,,,
jbot,BaseBot.java,1,1,0,3,1,0,True,False,False,,,
jbot,BaseBot.java,1,1,0,1,1,0,False,False,False,,,
jbot,BaseBot.java,1,1,0,1,1,0,False,False,False,,,
jbot,BaseBot.java,1,1,0,1,2,0,False,True,False,,,
jbot,BaseBot.java,1,1,0,2,1,0,True,False,False,,,
jbot,BaseBot.java,1,1,0,1,1,0,False,False,False,,,
jbot,BaseBot.java,1,1,0,1,1,0,False,False,False,,,
jbot,BaseBot.java,1,1,0,1,1,0,False,False,False,,,
jbot,BaseBot.java,1,1,0,1,1,0,False,False,False,,,
jbot,BaseBot.java,1,1,0,1,1,0,False,False,False,,,
jbot,BaseBot.java,1,1,0,1,1,0,False,False,False,,,
jbot,BaseBot.java,1,1,0,1,1,0,False,False,False,,,
jbot,BaseBot.java,1,1,0,1,1,0,False,False,False,,,
jbot,BaseBot.java,1,1,0,1,1,0,False,False,False,,,
jbot,BaseBot.java,1,1,0,1,1,0,False,False,False,,,
jbot,BaseBot.java,1,1,0,1,1,0,False,False,False,,,
jbot,BaseBot.java,1,1,0,2,1,0,True,False,False,,,
jbot,BaseBot.java,1,1,0,1,1,0,False,False,False,,,
jbot,BaseBot.java,1,1,0,1,1,0,False,False,False,,,
jbot,BaseBot.java,1,1,0,1,1,0,False,False,False,,,
jbot,BaseBot.java,1,1,0,1,1,0,False,False,False,,,
jbot,BaseBot.java,1,1,0,2,1,0,True,False,False,,,
jbot,BaseBot.java,1,1,0,1,1,0,False,False,False,,,
jbot,BaseBot.java,1,1,0,1,1,0,False,False,False,,,
jbot,BotWebSocketHandler.java,0,0,0,0,1,0,False,True,False,,,
jbot,BotWebSocketHandler.java,0,0,0,0,0,0,False,False,False,,,
jbot,BotWebSocketHandler.java,0,0,0,0,0,0,False,False,False,,,
jbot,BotWebSocketHandler.java,0,0,0,0,0,0,False,False,False,,,
jbot,BotWebSocketHandler.java,0,0,0,0,0,0,False,False,False,,,
jbot,BotWebSocketHandler.java,0,0,0,0,0,0,False,False,False,,,
jbot,BotWebSocketHandler.java,0,0,0,0,0,0,False,False,False,,,
jbot,BotWebSocketHandler.java,0,0,0,0,0,0,False,False,False,,,
jbot,BotWebSocketHandler.java,0,0,0,0,0,0,False,False,False,,,
jbot,BotWebSocketHandler.java,0,0,0,0,1,0,False,True,False,,,
jbot,BotWebSocketHandler.java,0,0,0,0,0,0,False,False,False,,,
jbot,BotWebSocketHandler.java,0,0,0,0,0,0,False,False,False,,,
jbot,Controller.java,0,0,0,0,2,0,False,True,False,,,
jbot,Controller.java,0,0,0,0,2,0,False,True,False,,,
jbot,EventType.java,0,0,0,0,0,0,False,False,False,,,
jbot,EventType.java,0,0,0,0,0,0,False,False,False,,,
jbot,EventType.java,0,0,0,0,0,0,False,False,False,,,
jbot,EventType.java,0,0,0,0,0,0,False,False,False,,,
jbot,EventType.java,0,0,0,0,0,0,False,False,False,,,
jbot,EventType.java,0,0,0,0,0,0,False,False,False,,,
jbot,EventType.java,0,0,0,0,0,0,False,False,False,,,
jbot,JBot.java,0,0,0,0,0,0,False,False,False,,,
jbot,JBot.java,0,0,0,0,0,0,False,False,False,,,
jbot,JBot.java,0,0,0,0,0,0,False,False,False,,,
jbot,JBot.java,0,0,0,0,0,0,False,False,False,,,
jbot,JBot.java,0,0,0,0,0,0,False,False,False,,,
jbot,JBot.java,0,0,0,0,1,0,False,True,False,,,
jbot,Bot.java,0,2,5,0,1,5,False,False,False,,,
jbot,Bot.java,0,2,5,0,2,5,False,False,False,,,
jbot,Bot.java,0,2,5,0,2,5,False,False,False,,,
jbot,Bot.java,0,2,5,0,3,5,False,True,False,,,
jbot,Bot.java,0,2,5,0,2,5,False,False,False,,,
jbot,Bot.java,0,2,5,0,2,5,False,False,False,,,
jbot,Bot.java,0,2,5,0,2,5,False,False,False,,,
jbot,Bot.java,0,2,5,0,2,5,False,False,False,,,
jbot,Bot.java,0,2,5,0,2,5,False,False,False,,,
jbot,Bot.java,0,2,5,0,2,5,False,False,False,,,
jbot,Bot.java,0,2,5,0,2,5,False,False,False,,,
jbot,Bot.java,0,2,5,0,2,5,False,False,False,,,
jbot,Bot.java,0,2,5,0,2,5,False,False,False,,,
jbot,Bot.java,0,2,5,0,2,5,False,False,False,,,
jbot,Bot.java,0,2,5,0,2,5,False,False,False,,,
jbot,Bot.java,0,2,5,0,2,5,False,False,False,,,
jbot,Bot.java,0,2,5,0,2,5,False,False,False,,,
jbot,Bot.java,0,2,5,0,2,5,False,False,False,,,
jbot,Bot.java,0,2,5,0,2,5,False,False,False,,,
jbot,Bot.java,0,2,5,0,2,5,False,False,False,,,
jbot,Bot.java,0,2,5,0,2,5,False,False,False,,,
jbot,Bot.java,0,2,5,0,3,5,False,True,False,,,
jbot,Bot.java,0,2,5,0,3,5,False,True,False,,,
jbot,Bot.java,0,2,5,0,2,5,False,False,False,,,
jbot,Bot.java,0,2,5,0,2,5,False,False,False,,,
jbot,Bot.java,0,2,5,0,2,5,False,False,False,,,
jbot,Bot.java,0,2,5,0,2,5,False,False,False,,,
jbot,Bot.java,0,2,5,0,2,5,False,False,False,,,
jbot,Bot.java,0,2,5,0,2,5,False,False,False,,,
jbot,Bot.java,0,2,5,0,3,5,False,True,False,,,
jbot,Bot.java,0,2,5,0,3,5,False,True,False,,,
jbot,Bot.java,0,2,5,0,2,5,False,False,False,,,
jbot,Bot.java,0,2,5,0,3,5,False,True,False,,,
jbot,Bot.java,0,2,5,0,2,5,False,False,False,,,
jbot,Bot.java,0,2,5,0,2,5,False,False,False,,,
jbot,Bot.java,0,2,5,0,2,5,False,False,False,,,
jbot,Bot.java,0,2,5,0,2,5,False,False,False,,,
jbot,Bot.java,0,2,5,0,3,5,False,True,False,,,
jbot,Bot.java,0,2,5,0,2,5,False,False,False,,,
jbot,Bot.java,0,2,5,0,2,5,False,False,False,,,
jbot,Bot.java,0,2,5,0,2,5,False,False,False,,,
jbot,Bot.java,0,2,5,0,3,5,False,True,False,,,
jbot,Bot.java,0,2,5,0,2,5,False,False,False,,,
jbot,Bot.java,0,2,5,0,2,5,False,False,False,,,
jbot,Bot.java,0,2,5,0,2,5,False,False,False,,,
jbot,Bot.java,0,2,5,0,2,5,False,False,False,,,
jbot,Bot.java,0,2,5,0,3,5,False,True,False,,,
jbot,Bot.java,0,2,5,0,2,5,False,False,False,,,
jbot,Bot.java,0,2,5,0,2,5,False,False,False,,,
jbot,Bot.java,0,2,5,0,2,5,False,False,False,,,
jbot,Bot.java,0,2,5,0,2,5,False,False,False,,,
jbot,Bot.java,0,2,5,0,3,5,False,True,False,,,
jbot,Bot.java,0,2,5,0,2,5,False,False,False,,,
jbot,Bot.java,0,2,5,0,2,5,False,False,False,,,
jbot,Bot.java,0,2,5,0,2,5,False,False,False,,,
jbot,Bot.java,0,2,5,0,2,5,False,False,False,,,
jbot,Bot.java,0,2,5,0,3,5,False,True,False,,,
jbot,Bot.java,0,2,5,0,2,5,False,False,False,,,
jbot,Bot.java,0,2,5,0,2,5,False,False,False,,,
jbot,Bot.java,0,2,5,0,2,5,False,False,False,,,
jbot,Bot.java,0,2,5,0,2,5,False,False,False,,,
jbot,Bot.java,0,2,5,0,3,5,False,True,False,,,
jbot,Bot.java,0,2,5,0,2,5,False,False,False,,,
jbot,Bot.java,0,2,5,0,2,5,False,False,False,,,
jbot,Bot.java,0,2,5,0,2,5,False,False,False,,,
jbot,Bot.java,0,2,5,0,2,5,False,False,False,,,
jbot,Bot.java,0,2,5,0,3,5,False,True,False,,,
jbot,Bot.java,0,2,5,0,2,5,False,False,False,,,
jbot,Bot.java,0,2,5,0,2,5,False,False,False,,,
jbot,Bot.java,0,2,5,0,2,5,False,False,False,,,
jbot,Bot.java,0,2,5,0,2,5,False,False,False,,,
jbot,Bot.java,0,2,5,0,3,5,False,True,False,,,
jbot,Bot.java,0,2,5,0,2,5,False,False,False,,,
jbot,Bot.java,0,2,5,0,2,5,False,False,False,,,
jbot,Bot.java,0,2,5,0,2,5,False,False,False,,,
jbot,Bot.java,0,2,5,0,2,5,False,False,False,,,
jbot,Bot.java,0,2,5,0,2,5,False,False,False,,,
jbot,Bot.java,0,2,5,0,2,5,False,False,False,,,
jbot,Bot.java,0,2,5,0,4,5,False,True,False,,,
jbot,Bot.java,0,2,5,0,2,5,False,False,False,,,
jbot,Bot.java,0,2,5,0,2,5,False,False,False,,,
jbot,Bot.java,0,2,5,0,4,5,False,True,False,,,
jbot,Bot.java,0,2,5,0,2,5,False,False,False,,,
jbot,Bot.java,0,2,5,0,3,5,False,True,False,,,
jbot,Bot.java,0,2,5,0,2,5,False,False,False,,,
jbot,Bot.java,0,2,5,0,2,5,False,False,False,,,
jbot,Bot.java,0,2,5,0,2,5,False,False,False,,,
jbot,Bot.java,0,2,5,0,3,5,False,True,False,,,
jbot,Bot.java,0,2,5,0,2,5,False,False,False,,,
jbot,Bot.java,0,2,5,0,2,5,False,False,False,,,
jbot,Bot.java,0,2,5,0,2,5,False,False,False,,,
jbot,Bot.java,0,2,5,0,2,5,False,False,False,,,
jbot,Bot.java,0,2,5,0,2,5,False,False,False,,,
jbot,Bot.java,0,2,5,0,2,5,False,False,False,,,
jbot,Bot.java,0,2,5,0,2,5,False,False,False,,,
jbot,Bot.java,0,2,5,0,2,5,False,False,False,,,
jbot,Bot.java,0,2,5,0,2,5,False,False,False,,,
jbot,Bot.java,0,2,5,0,2,5,False,False,False,,,
jbot,Bot.java,0,2,5,0,2,5,False,False,False,,,
jbot,Bot.java,0,2,5,0,2,5,False,False,False,,,
jbot,Bot.java,0,2,5,0,2,5,False,False,False,,,
jbot,Bot.java,0,2,5,0,2,5,False,False,False,,,
jbot,Bot.java,0,2,5,1,2,5,True,False,False,,,
jbot,Bot.java,0,2,5,0,2,5,False,False,False,,,
jbot,Bot.java,0,2,5,0,2,5,False,False,False,,,
jbot,Bot.java,0,2,5,0,2,5,False,False,False,,,
jbot,Bot.java,0,2,5,2,2,5,True,False,False,,,
jbot,Bot.java,0,2,5,0,2,5,False,False,False,,,
jbot,Bot.java,0,2,5,2,2,5,True,False,False,,,
jbot,Bot.java,0,2,5,0,2,5,False,False,False,,,
jbot,Bot.java,0,2,5,1,2,5,True,False,False,,,
jbot,Bot.java,0,2,5,1,2,5,True,False,False,,,
jbot,Bot.java,0,2,5,0,2,5,False,False,False,,,
jbot,Bot.java,0,2,5,0,2,5,False,False,False,,,
jbot,Bot.java,0,2,5,0,2,5,False,False,False,,,
jbot,Bot.java,0,2,5,0,3,5,False,True,False,,,
jbot,Bot.java,0,2,5,0,2,5,False,False,False,,,
jbot,Bot.java,0,2,5,0,2,5,False,False,False,,,
jbot,Bot.java,0,2,5,0,3,5,False,True,False,,,
jbot,Bot.java,0,2,5,0,2,5,False,False,False,,,
jbot,Bot.java,0,2,5,1,3,5,True,True,False,,,
jbot,Bot.java,0,2,5,2,3,5,True,True,False,,,
jbot,Bot.java,0,2,5,2,3,5,True,True,False,,,
jbot,Bot.java,0,2,5,0,2,5,False,False,False,,,
jbot,Bot.java,0,2,5,1,2,5,True,False,False,,,
jbot,Bot.java,0,2,5,1,2,5,True,False,False,,,
jbot,Bot.java,0,2,5,0,2,5,False,False,False,,,
jbot,Bot.java,0,2,5,0,2,5,False,False,False,,,
jbot,Bot.java,0,2,5,0,2,5,False,False,False,,,
jbot,Bot.java,0,2,5,0,2,5,False,False,False,,,
jbot,Bot.java,0,2,5,1,3,5,True,True,False,,,
jbot,Bot.java,0,2,5,0,2,5,False,False,False,,,
jbot,Bot.java,0,2,5,0,2,5,False,False,False,,,
jbot,Bot.java,0,2,5,0,2,5,False,False,False,,,
jbot,FbApiEndpoints.java,0,0,0,0,1,0,False,True,False,,,
jbot,FbApiEndpoints.java,0,0,0,0,0,0,False,False,False,,,
jbot,FbApiEndpoints.java,0,0,0,1,1,0,True,True,False,,,
jbot,FbApiEndpoints.java,0,0,0,0,0,0,False,False,False,,,
jbot,FbApiEndpoints.java,0,0,0,0,0,0,False,False,False,,,
jbot,FbApiEndpoints.java,0,0,0,0,0,0,False,False,False,,,
jbot,FbApiEndpoints.java,0,0,0,0,0,0,False,False,False,,,
jbot,FbService.java,0,0,0,2,0,0,True,False,False,,,
jbot,FbService.java,0,0,0,0,1,0,False,True,False,,,
jbot,FbService.java,0,0,0,2,0,0,True,False,False,,,
jbot,AccountLinking.java,0,0,0,0,1,0,False,True,False,,,
jbot,AccountLinking.java,0,0,0,0,1,0,False,True,False,,,
jbot,AccountLinking.java,0,0,0,1,0,0,True,False,False,,,
jbot,AccountLinking.java,0,0,0,0,0,0,False,False,False,,,
jbot,AccountLinking.java,0,0,0,0,1,0,False,True,False,,,
jbot,AccountLinking.java,0,0,0,0,0,0,False,False,False,,,
jbot,Airport.java,0,0,0,0,1,0,False,True,False,,,
jbot,Airport.java,0,0,0,0,1,0,False,True,False,,,
jbot,Airport.java,0,0,0,0,1,0,False,True,False,,,
jbot,Airport.java,0,0,0,0,0,0,False,False,False,,,
jbot,Airport.java,0,0,0,1,0,0,True,False,False,,,
jbot,Airport.java,0,0,0,1,0,0,True,False,False,,,
jbot,Airport.java,0,0,0,1,0,0,True,False,False,,,
jbot,Airport.java,0,0,0,0,0,0,False,False,False,,,
jbot,Amount.java,0,0,0,0,1,0,False,True,False,,,
jbot,Amount.java,0,0,0,0,1,0,False,True,False,,,
jbot,Amount.java,0,0,0,1,0,0,True,False,False,,,
jbot,Amount.java,0,0,0,1,0,0,True,False,False,,,
jbot,Amount.java,0,0,0,1,0,0,True,False,False,,,
jbot,Amount.java,0,0,0,1,0,0,True,False,False,,,
jbot,Amount.java,0,0,0,1,0,0,True,False,False,,,
jbot,Attachment.java,2,0,0,2,1,0,False,True,False,,,
jbot,Attachment.java,2,0,0,2,1,0,False,True,False,,,
jbot,Attachment.java,2,0,0,3,0,0,True,False,False,,,
jbot,Attachment.java,2,0,0,3,0,0,True,False,False,,,
jbot,BoardingPass.java,4,0,0,4,1,0,False,True,False,,,
jbot,BoardingPass.java,4,0,0,4,1,0,False,True,False,,,
jbot,BoardingPass.java,4,0,0,4,0,0,False,False,False,,,
jbot,BoardingPass.java,4,0,0,4,0,0,False,False,False,,,
jbot,BoardingPass.java,4,0,0,4,0,0,False,False,False,,,
jbot,BoardingPass.java,4,0,0,4,0,0,False,False,False,,,
jbot,BoardingPass.java,4,0,0,4,0,0,False,False,False,,,
jbot,BoardingPass.java,4,0,0,4,0,0,False,False,False,,,
jbot,BoardingPass.java,4,0,0,4,0,0,False,False,False,,,
jbot,BoardingPass.java,4,0,0,4,0,0,False,False,False,,,
jbot,BoardingPass.java,4,0,0,4,0,0,False,False,False,,,
jbot,BoardingPass.java,4,0,0,4,0,0,False,False,False,,,
jbot,BoardingPass.java,4,0,0,4,0,0,False,False,False,,,
jbot,BoardingPass.java,4,0,0,4,0,0,False,False,False,,,
jbot,BoardingPass.java,4,0,0,4,0,0,False,False,False,,,
jbot,BoardingPass.java,4,0,0,4,0,0,False,False,False,,,
jbot,BoardingPass.java,4,0,0,4,0,0,False,False,False,,,
jbot,BoardingPass.java,4,0,0,4,0,0,False,False,False,,,
jbot,BoardingPass.java,4,0,0,4,0,0,False,False,False,,,
jbot,BoardingPass.java,4,0,0,4,0,0,False,False,False,,,
jbot,BoardingPass.java,4,0,0,4,0,0,False,False,False,,,
jbot,BoardingPass.java,4,0,0,4,0,0,False,False,False,,,
jbot,BoardingPass.java,4,0,0,4,0,0,False,False,False,,,
jbot,BoardingPass.java,4,0,0,5,0,0,True,False,False,,,
jbot,BoardingPass.java,4,0,0,4,0,0,False,False,False,,,
jbot,BoardingPass.java,4,0,0,4,0,0,False,False,False,,,
jbot,BoardingPass.java,4,0,0,4,0,0,False,False,False,,,
jbot,BoardingPass.java,4,0,0,4,0,0,False,False,False,,,
jbot,BoardingPass.java,4,0,0,3,0,0,False,False,False,,,
jbot,BoardingPass.java,4,0,0,3,0,0,False,False,False,,,
jbot,Button.java,0,0,0,0,1,0,False,True,False,,,
jbot,Button.java,0,0,0,0,1,0,False,True,False,,,
jbot,Button.java,0,0,0,0,0,0,False,False,False,,,
jbot,Button.java,0,0,0,0,0,0,False,False,False,,,
jbot,Button.java,0,0,0,0,0,0,False,False,False,,,
jbot,Button.java,0,0,0,0,0,0,False,False,False,,,
jbot,Button.java,0,0,0,0,0,0,False,False,False,,,
jbot,Button.java,0,0,0,0,0,0,False,False,False,,,
jbot,Button.java,0,0,0,0,0,0,False,False,False,,,
jbot,Button.java,0,0,0,0,0,0,False,False,False,,,
jbot,Button.java,0,0,0,0,0,0,False,False,False,,,
jbot,Button.java,0,0,0,0,0,0,False,False,False,,,
jbot,Button.java,0,0,0,0,0,0,False,False,False,,,
jbot,Button.java,0,0,0,0,0,0,False,False,False,,,
jbot,Button.java,0,0,0,1,0,0,True,False,False,,,
jbot,Button.java,0,0,0,1,0,0,True,False,False,,,
jbot,Button.java,0,0,0,1,0,0,True,False,False,,,
jbot,Button.java,0,0,0,1,0,0,True,False,False,,,
jbot,Button.java,0,0,0,0,0,0,False,False,False,,,
jbot,Button.java,0,0,0,0,0,0,False,False,False,,,
jbot,Button.java,0,0,0,0,0,0,False,False,False,,,
jbot,Button.java,0,0,0,0,0,0,False,False,False,,,
jbot,Button.java,0,0,0,0,0,0,False,False,False,,,
jbot,Button.java,0,0,0,0,0,0,False,False,False,,,
jbot,Callback.java,2,0,0,2,1,0,False,True,False,,,
jbot,Callback.java,2,0,0,2,1,0,False,True,False,,,
jbot,Callback.java,2,0,0,1,0,0,False,False,False,,,
jbot,Callback.java,2,0,0,2,0,0,False,False,False,,,
jbot,Callback.java,2,0,0,2,0,0,False,False,False,,,
jbot,Callback.java,2,0,0,2,0,0,False,False,False,,,
jbot,Callback.java,2,0,0,2,1,0,False,True,False,,,
jbot,CheckoutEvent.java,2,0,0,2,1,0,False,True,False,,,
jbot,CheckoutEvent.java,2,0,0,2,1,0,False,True,False,,,
jbot,CheckoutEvent.java,2,0,0,3,0,0,True,False,False,,,
jbot,CheckoutEvent.java,2,0,0,2,0,0,False,False,False,,,
jbot,CheckoutUpdate.java,0,0,0,0,1,0,False,True,False,,,
jbot,CheckoutUpdate.java,0,0,0,0,1,0,False,True,False,,,
jbot,CheckoutUpdate.java,0,0,0,0,0,0,False,False,False,,,
jbot,CheckoutUpdate.java,0,0,0,0,1,0,False,True,False,,,
jbot,CheckoutUpdate.java,0,0,0,1,0,0,True,False,False,,,
jbot,CheckoutUpdate.java,0,0,0,0,0,0,False,False,False,,,
jbot,Delivery.java,2,0,0,2,1,0,False,True,False,,,
jbot,Delivery.java,2,0,0,2,1,0,False,True,False,,,
jbot,Delivery.java,2,0,0,2,0,0,False,False,False,,,
jbot,Delivery.java,2,0,0,3,0,0,True,False,False,,,
jbot,Delivery.java,2,0,0,3,0,0,True,False,False,,,
jbot,Element.java,2,0,0,2,1,0,False,True,False,,,
jbot,Element.java,2,0,0,2,1,0,False,True,False,,,
jbot,Element.java,2,0,0,2,0,0,False,False,False,,,
jbot,Element.java,2,0,0,2,0,0,False,False,False,,,
jbot,Element.java,2,0,0,2,0,0,False,False,False,,,
jbot,Element.java,2,0,0,2,0,0,False,False,False,,,
jbot,Element.java,2,0,0,2,0,0,False,False,False,,,
jbot,Element.java,2,0,0,2,0,0,False,False,False,,,
jbot,Element.java,2,0,0,3,0,0,True,False,False,,,
jbot,Element.java,2,0,0,3,0,0,True,False,False,,,
jbot,Element.java,2,0,0,3,0,0,True,False,False,,,
jbot,Element.java,2,0,0,3,0,0,True,False,False,,,
jbot,Element.java,2,0,0,3,0,0,True,False,False,,,
jbot,Element.java,2,0,0,2,0,0,False,False,False,,,
jbot,Element.java,2,0,0,2,0,0,False,False,False,,,
jbot,Element.java,2,0,0,2,0,0,False,False,False,,,
jbot,Element.java,2,0,0,2,0,0,False,False,False,,,
jbot,Entry.java,2,0,0,2,1,0,False,True,False,,,
jbot,Entry.java,2,0,0,2,1,0,False,True,False,,,
jbot,Entry.java,2,0,0,3,0,0,True,False,False,,,
jbot,Entry.java,2,0,0,2,0,0,False,False,False,,,
jbot,Entry.java,2,0,0,3,0,0,True,False,False,,,
jbot,Event.java,15,0,0,15,1,0,False,True,False,,,
jbot,Event.java,15,0,0,15,1,0,False,True,False,,,
jbot,Event.java,15,0,0,15,0,0,False,False,False,,,
jbot,Event.java,15,0,0,15,0,0,False,False,False,,,
jbot,Event.java,15,0,0,15,0,0,False,False,False,,,
jbot,Event.java,15,0,0,15,0,0,False,False,False,,,
jbot,Event.java,15,0,0,15,0,0,False,False,False,,,
jbot,Event.java,15,0,0,15,0,0,False,False,False,,,
jbot,Event.java,15,0,0,15,0,0,False,False,False,,,
jbot,Event.java,15,0,0,15,0,0,False,False,False,,,
jbot,Event.java,15,0,0,15,0,0,False,False,False,,,
jbot,Event.java,15,0,0,15,0,0,False,False,False,,,
jbot,Event.java,15,0,0,15,0,0,False,False,False,,,
jbot,Event.java,15,0,0,15,0,0,False,False,False,,,
jbot,Event.java,15,0,0,15,0,0,False,False,False,,,
jbot,Event.java,15,0,0,15,0,0,False,False,False,,,
jbot,Event.java,15,0,0,15,0,0,False,False,False,,,
jbot,Event.java,15,0,0,15,0,0,False,False,False,,,
jbot,Event.java,15,0,0,15,0,0,False,False,False,,,
jbot,Event.java,15,0,0,15,0,0,False,False,False,,,
jbot,Event.java,15,0,0,15,0,0,False,False,False,,,
jbot,Event.java,15,0,0,15,0,0,False,False,False,,,
jbot,Event.java,15,0,0,15,0,0,False,False,False,,,
jbot,Event.java,15,0,0,15,0,0,False,False,False,,,
jbot,Event.java,15,0,0,15,0,0,False,False,False,,,
jbot,Event.java,15,0,0,15,0,0,False,False,False,,,
jbot,Event.java,15,0,0,15,0,0,False,False,False,,,
jbot,Event.java,15,0,0,15,0,0,False,False,False,,,
jbot,Event.java,15,0,0,15,0,0,False,False,False,,,
jbot,Event.java,15,0,0,15,0,0,False,False,False,,,
jbot,Event.java,15,0,0,15,0,0,False,False,False,,,
jbot,Event.java,15,0,0,15,0,0,False,False,False,,,
jbot,Event.java,15,0,0,15,0,0,False,False,False,,,
jbot,Event.java,15,0,0,15,0,0,False,False,False,,,
jbot,Event.java,15,0,0,15,0,0,False,False,False,,,
jbot,Event.java,15,0,0,15,0,0,False,False,False,,,
jbot,Event.java,15,0,0,15,0,0,False,False,False,,,
jbot,Event.java,15,0,0,15,0,0,False,False,False,,,
jbot,Event.java,15,0,0,15,0,0,False,False,False,,,
jbot,Event.java,15,0,0,15,0,0,False,False,False,,,
jbot,Event.java,15,0,0,15,0,0,False,False,False,,,
jbot,Event.java,15,0,0,15,0,0,False,False,False,,,
jbot,Event.java,15,0,0,15,0,0,False,False,False,,,
jbot,Event.java,15,0,0,15,0,0,False,False,False,,,
jbot,Event.java,15,0,0,15,0,0,False,False,False,,,
jbot,Event.java,15,0,0,15,0,0,False,False,False,,,
jbot,Event.java,15,0,0,14,0,0,False,False,False,,,
jbot,Event.java,15,0,0,15,0,0,False,False,False,,,
jbot,Event.java,15,0,0,15,0,0,False,False,False,,,
jbot,Event.java,15,0,0,15,0,0,False,False,False,,,
jbot,Event.java,15,0,0,15,0,0,False,False,False,,,
jbot,Event.java,15,0,0,15,0,0,False,False,False,,,
jbot,Event.java,15,0,0,15,0,0,False,False,False,,,
jbot,Event.java,15,0,0,15,0,0,False,False,False,,,
jbot,Event.java,15,0,0,14,0,0,False,False,False,,,
jbot,Event.java,15,0,0,15,0,0,False,False,False,,,
jbot,Event.java,15,0,0,15,0,0,False,False,False,,,
jbot,Event.java,15,0,0,15,0,0,False,False,False,,,
jbot,Event.java,15,0,0,15,1,0,False,True,False,,,
jbot,Field.java,0,0,0,0,1,0,False,True,False,,,
jbot,Field.java,0,0,0,0,1,0,False,True,False,,,
jbot,Field.java,0,0,0,1,0,0,True,False,False,,,
jbot,Field.java,0,0,0,1,0,0,True,False,False,,,
jbot,FlightInfo.java,0,0,0,0,0,0,False,False,False,,,
jbot,FlightInfo.java,0,0,0,0,0,0,False,False,False,,,
jbot,FlightInfo.java,0,0,0,0,0,0,False,False,False,,,
jbot,FlightInfo.java,0,0,0,0,0,0,False,False,False,,,
jbot,FlightInfo.java,0,0,0,0,0,0,False,False,False,,,
jbot,FlightInfo.java,0,0,0,0,0,0,False,False,False,,,
jbot,FlightInfo.java,0,0,0,0,0,0,False,False,False,,,
jbot,FlightInfo.java,0,0,0,0,0,0,False,False,False,,,
jbot,FlightInfo.java,0,0,0,0,0,0,False,False,False,,,
jbot,FlightInfo.java,0,0,0,0,0,0,False,False,False,,,
jbot,FlightInfo.java,0,0,0,0,0,0,False,False,False,,,
jbot,FlightInfo.java,0,0,0,0,0,0,False,False,False,,,
jbot,FlightInfo.java,0,0,0,0,0,0,False,False,False,,,
jbot,FlightInfo.java,0,0,0,0,0,0,False,False,False,,,
jbot,FlightInfo.java,0,0,0,0,0,0,False,False,False,,,
jbot,FlightInfo.java,0,0,0,0,0,0,False,False,False,,,
jbot,FlightInfo.java,0,0,0,0,0,0,False,False,False,,,
jbot,FlightInfo.java,0,0,0,0,0,0,False,False,False,,,
jbot,FlightInfo.java,0,0,0,0,0,0,False,False,False,,,
jbot,FlightInfo.java,0,0,0,0,0,0,False,False,False,,,
jbot,FlightInfo.java,0,0,0,0,0,0,False,False,False,,,
jbot,FlightInfo.java,0,0,0,0,0,0,False,False,False,,,
jbot,FlightInfo.java,0,0,0,0,0,0,False,False,False,,,
jbot,FlightInfo.java,0,0,0,0,0,0,False,False,False,,,
jbot,FlightInfo.java,0,0,0,0,0,0,False,False,False,,,
jbot,FlightInfo.java,0,0,0,0,0,0,False,False,False,,,
jbot,FlightInfo.java,0,0,0,0,0,0,False,False,False,,,
jbot,FlightInfo.java,0,0,0,0,0,0,False,False,False,,,
jbot,FlightInfo.java,0,0,0,0,0,0,False,False,False,,,
jbot,FlightInfo.java,0,0,0,0,0,0,False,False,False,,,
jbot,FlightInfo.java,0,0,0,0,0,0,False,False,False,,,
jbot,FlightInfo.java,0,0,0,0,0,0,False,False,False,,,
jbot,FlightInfo.java,0,0,0,0,0,0,False,False,False,,,
jbot,FlightInfo.java,0,0,0,0,0,0,False,False,False,,,
jbot,FlightInfo.java,0,0,0,0,0,0,False,False,False,,,
jbot,FlightInfo.java,0,0,0,0,0,0,False,False,False,,,
jbot,FlightInfo.java,0,0,0,0,0,0,False,False,False,,,
jbot,Message.java,6,0,0,6,1,0,False,True,False,,,
jbot,Message.java,6,0,0,6,1,0,False,True,False,,,
jbot,Message.java,6,0,0,6,0,0,False,False,False,,,
jbot,Message.java,6,0,0,6,0,0,False,False,False,,,
jbot,Message.java,6,0,0,6,0,0,False,False,False,,,
jbot,Message.java,6,0,0,6,0,0,False,False,False,,,
jbot,Message.java,6,0,0,6,0,0,False,False,False,,,
jbot,Message.java,6,0,0,6,0,0,False,False,False,,,
jbot,Message.java,6,0,0,6,0,0,False,False,False,,,
jbot,Message.java,6,0,0,6,0,0,False,False,False,,,
jbot,Message.java,6,0,0,7,0,0,True,False,False,,,
jbot,Message.java,6,0,0,6,0,0,False,False,False,,,
jbot,Message.java,6,0,0,6,0,0,False,False,False,,,
jbot,Message.java,6,0,0,7,0,0,True,False,False,,,
jbot,Message.java,6,0,0,7,0,0,True,False,False,,,
jbot,Message.java,6,0,0,7,0,0,True,False,False,,,
jbot,Message.java,6,0,0,7,0,0,True,False,False,,,
jbot,Message.java,6,0,0,6,0,0,False,False,False,,,
jbot,Message.java,6,0,0,6,0,0,False,False,False,,,
jbot,Message.java,6,0,0,5,0,0,False,False,False,,,
jbot,Passenger.java,0,0,0,0,1,0,False,True,False,,,
jbot,Passenger.java,0,0,0,0,1,0,False,True,False,,,
jbot,Passenger.java,0,0,0,0,0,0,False,False,False,,,
jbot,Passenger.java,0,0,0,0,0,0,False,False,False,,,
jbot,Passenger.java,0,0,0,0,0,0,False,False,False,,,
jbot,Passenger.java,0,0,0,0,0,0,False,False,False,,,
jbot,Passenger.java,0,0,0,0,0,0,False,False,False,,,
jbot,Passenger.java,0,0,0,0,0,0,False,False,False,,,
jbot,Passenger.java,0,0,0,0,0,0,False,False,False,,,
jbot,Passenger.java,0,0,0,0,0,0,False,False,False,,,
jbot,Passenger.java,0,0,0,1,0,0,True,False,False,,,
jbot,Passenger.java,0,0,0,0,0,0,False,False,False,,,
jbot,Passenger.java,0,0,0,0,0,0,False,False,False,,,
jbot,Passenger.java,0,0,0,0,0,0,False,False,False,,,
jbot,Passenger.java,0,0,0,1,0,0,True,False,False,,,
jbot,Passenger.java,0,0,0,0,0,0,False,False,False,,,
jbot,Payload.java,16,0,0,16,1,0,False,True,False,,,
jbot,Payload.java,16,0,0,16,1,0,False,True,False,,,
jbot,Payload.java,16,0,0,16,0,0,False,False,False,,,
jbot,Payload.java,16,0,0,16,0,0,False,False,False,,,
jbot,Payload.java,16,0,0,16,0,0,False,False,False,,,
jbot,Payload.java,16,0,0,16,0,0,False,False,False,,,
jbot,Payload.java,16,0,0,16,0,0,False,False,False,,,
jbot,Payload.java,16,0,0,16,0,0,False,False,False,,,
jbot,Payload.java,16,0,0,16,0,0,False,False,False,,,
jbot,Payload.java,16,0,0,16,0,0,False,False,False,,,
jbot,Payload.java,16,0,0,16,0,0,False,False,False,,,
jbot,Payload.java,16,0,0,16,0,0,False,False,False,,,
jbot,Payload.java,16,0,0,16,0,0,False,False,False,,,
jbot,Payload.java,16,0,0,16,0,0,False,False,False,,,
jbot,Payload.java,16,0,0,16,0,0,False,False,False,,,
jbot,Payload.java,16,0,0,16,0,0,False,False,False,,,
jbot,Payload.java,16,0,0,16,0,0,False,False,False,,,
jbot,Payload.java,16,0,0,16,0,0,False,False,False,,,
jbot,Payload.java,16,0,0,16,0,0,False,False,False,,,
jbot,Payload.java,16,0,0,16,0,0,False,False,False,,,
jbot,Payload.java,16,0,0,16,0,0,False,False,False,,,
jbot,Payload.java,16,0,0,16,0,0,False,False,False,,,
jbot,Payload.java,16,0,0,16,0,0,False,False,False,,,
jbot,Payload.java,16,0,0,16,0,0,False,False,False,,,
jbot,Payload.java,16,0,0,16,0,0,False,False,False,,,
jbot,Payload.java,16,0,0,16,0,0,False,False,False,,,
jbot,Payload.java,16,0,0,16,0,0,False,False,False,,,
jbot,Payload.java,16,0,0,16,0,0,False,False,False,,,
jbot,Payload.java,16,0,0,16,0,0,False,False,False,,,
jbot,Payload.java,16,0,0,16,0,0,False,False,False,,,
jbot,Payload.java,16,0,0,16,0,0,False,False,False,,,
jbot,Payload.java,16,0,0,16,0,0,False,False,False,,,
jbot,Payload.java,16,0,0,16,0,0,False,False,False,,,
jbot,Payload.java,16,0,0,16,0,0,False,False,False,,,
jbot,Payload.java,16,0,0,16,0,0,False,False,False,,,
jbot,Payload.java,16,0,0,16,0,0,False,False,False,,,
jbot,Payload.java,16,0,0,16,0,0,False,False,False,,,
jbot,Payload.java,16,0,0,16,0,0,False,False,False,,,
jbot,Payload.java,16,0,0,16,0,0,False,False,False,,,
jbot,Payload.java,16,0,0,16,0,0,False,False,False,,,
jbot,Payload.java,16,0,0,17,0,0,True,False,False,,,
jbot,Payload.java,16,0,0,16,0,0,False,False,False,,,
jbot,Payload.java,16,0,0,16,0,0,False,False,False,,,
jbot,Payload.java,16,0,0,16,0,0,False,False,False,,,
jbot,Payload.java,16,0,0,16,0,0,False,False,False,,,
jbot,Payload.java,16,0,0,16,0,0,False,False,False,,,
jbot,Payload.java,16,0,0,16,0,0,False,False,False,,,
jbot,Payload.java,16,0,0,17,0,0,True,False,False,,,
jbot,Payload.java,16,0,0,16,0,0,False,False,False,,,
jbot,Payload.java,16,0,0,17,0,0,True,False,False,,,
jbot,Payload.java,16,0,0,16,0,0,False,False,False,,,
jbot,Payload.java,16,0,0,16,0,0,False,False,False,,,
jbot,Payload.java,16,0,0,17,0,0,True,False,False,,,
jbot,Payload.java,16,0,0,16,0,0,False,False,False,,,
jbot,Payload.java,16,0,0,16,0,0,False,False,False,,,
jbot,Payload.java,16,0,0,17,0,0,True,False,False,,,
jbot,Payload.java,16,0,0,16,0,0,False,False,False,,,
jbot,Payload.java,16,0,0,16,0,0,False,False,False,,,
jbot,Payload.java,16,0,0,17,0,0,True,False,False,,,
jbot,Payload.java,16,0,0,17,0,0,True,False,False,,,
jbot,Payload.java,16,0,0,16,0,0,False,False,False,,,
jbot,Payload.java,16,0,0,16,0,0,False,False,False,,,
jbot,Payload.java,16,0,0,16,0,0,False,False,False,,,
jbot,Payload.java,16,0,0,16,0,0,False,False,False,,,
jbot,Payload.java,16,0,0,16,0,0,False,False,False,,,
jbot,Payload.java,16,0,0,15,0,0,False,False,False,,,
jbot,Payload.java,16,0,0,15,0,0,False,False,False,,,
jbot,Payload.java,16,0,0,16,0,0,False,False,False,,,
jbot,Payload.java,16,0,0,16,0,0,False,False,False,,,
jbot,Payload.java,16,0,0,16,0,0,False,False,False,,,
jbot,Payload.java,16,0,0,15,0,0,False,False,False,,,
jbot,Payload.java,16,0,0,17,0,0,True,False,False,,,
jbot,Payment.java,0,0,0,0,0,0,False,False,False,,,
jbot,Payment.java,0,0,0,0,0,0,False,False,False,,,
jbot,Payment.java,0,0,0,0,0,0,False,False,False,,,
jbot,Payment.java,0,0,0,0,0,0,False,False,False,,,
jbot,Payment.java,0,0,0,0,0,0,False,False,False,,,
jbot,Payment.java,0,0,0,0,0,0,False,False,False,,,
jbot,Payment.java,0,0,0,0,0,0,False,False,False,,,
jbot,Payment.java,0,0,0,1,0,0,True,False,False,,,
jbot,Payment.java,0,0,0,0,0,0,False,False,False,,,
jbot,Payment.java,0,0,0,0,0,0,False,False,False,,,
jbot,Payment.java,0,0,0,0,0,0,False,False,False,,,
jbot,Payment.java,0,0,0,1,0,0,True,False,False,,,
jbot,Payment.java,0,0,0,0,0,0,False,False,False,,,
jbot,Payment.java,0,0,0,0,0,0,False,False,False,,,
jbot,Payment.java,0,0,0,0,0,0,False,False,False,,,
jbot,Payment.java,0,0,0,1,0,0,True,False,False,,,
jbot,Payment.java,0,0,0,1,0,0,True,False,False,,,
jbot,PaymentEvent.java,2,0,0,2,1,0,False,True,False,,,
jbot,PaymentEvent.java,2,0,0,2,1,0,False,True,False,,,
jbot,PaymentEvent.java,2,0,0,3,0,0,True,False,False,,,
jbot,PaymentEvent.java,2,0,0,2,0,0,False,False,False,,,
jbot,PaymentSummary.java,4,0,0,4,1,0,False,True,False,,,
jbot,PaymentSummary.java,4,0,0,4,1,0,False,True,False,,,
jbot,PaymentSummary.java,4,0,0,4,0,0,False,False,False,,,
jbot,PaymentSummary.java,4,0,0,4,0,0,False,False,False,,,
jbot,PaymentSummary.java,4,0,0,4,0,0,False,False,False,,,
jbot,PaymentSummary.java,4,0,0,4,0,0,False,False,False,,,
jbot,PaymentSummary.java,4,0,0,4,0,0,False,False,False,,,
jbot,PaymentSummary.java,4,0,0,4,0,0,False,False,False,,,
jbot,PaymentSummary.java,4,0,0,4,0,0,False,False,False,,,
jbot,PaymentSummary.java,4,0,0,4,0,0,False,False,False,,,
jbot,PaymentSummary.java,4,0,0,4,0,0,False,False,False,,,
jbot,PaymentSummary.java,4,0,0,4,0,0,False,False,False,,,
jbot,PaymentSummary.java,4,0,0,5,0,0,True,False,False,,,
jbot,PaymentSummary.java,4,0,0,4,0,0,False,False,False,,,
jbot,PaymentSummary.java,4,0,0,4,0,0,False,False,False,,,
jbot,PaymentSummary.java,4,0,0,4,0,0,False,False,False,,,
jbot,PaymentSummary.java,4,0,0,3,0,0,False,False,False,,,
jbot,PaymentSummary.java,4,0,0,3,0,0,False,False,False,,,
jbot,Postback.java,0,0,0,0,1,0,False,True,False,,,
jbot,Postback.java,0,0,0,0,1,0,False,True,False,,,
jbot,Postback.java,0,0,0,1,0,0,True,False,False,,,
jbot,Postback.java,0,0,0,1,0,0,True,False,False,,,
jbot,Read.java,0,0,0,0,1,0,False,True,False,,,
jbot,Read.java,0,0,0,0,1,0,False,True,False,,,
jbot,Read.java,0,0,0,1,0,0,True,False,False,,,
jbot,Read.java,0,0,0,1,0,0,True,False,False,,,
jbot,Referral.java,0,0,0,0,1,0,False,True,False,,,
jbot,Referral.java,0,0,0,0,1,0,False,True,False,,,
jbot,Referral.java,0,0,0,1,0,0,True,False,False,,,
jbot,Referral.java,0,0,0,1,0,0,True,False,False,,,
jbot,Referral.java,0,0,0,1,0,0,True,False,False,,,
jbot,Response.java,0,0,0,0,1,0,False,True,False,,,
jbot,Response.java,0,0,0,0,1,0,False,True,False,,,
jbot,Response.java,0,0,0,0,0,0,False,False,False,,,
jbot,Response.java,0,0,0,0,0,0,False,False,False,,,
jbot,Response.java,0,0,0,0,0,0,False,False,False,,,
jbot,Response.java,0,0,0,0,0,0,False,False,False,,,
jbot,Response.java,0,0,0,0,0,0,False,False,False,,,
jbot,Response.java,0,0,0,0,0,0,False,False,False,,,
jbot,ShippingAddress.java,0,0,0,0,0,0,False,False,False,,,
jbot,ShippingAddress.java,0,0,0,0,0,0,False,False,False,,,
jbot,ShippingAddress.java,0,0,0,0,0,0,False,False,False,,,
jbot,ShippingAddress.java,0,0,0,1,0,0,True,False,False,,,
jbot,ShippingAddress.java,0,0,0,0,1,0,False,True,False,,,
jbot,ShippingAddress.java,0,0,0,0,0,0,False,False,False,,,
jbot,ShippingAddress.java,0,0,0,0,0,0,False,False,False,,,
jbot,ShippingAddress.java,0,0,0,0,1,0,False,True,False,,,
jbot,ShippingAddress.java,0,0,0,0,0,0,False,False,False,,,
jbot,ShippingAddress.java,0,0,0,1,0,0,True,False,False,,,
jbot,ShippingAddress.java,0,0,0,1,0,0,True,False,False,,,
jbot,ShippingAddress.java,0,0,0,1,0,0,True,False,False,,,
jbot,ShippingAddress.java,0,0,0,0,0,0,False,False,False,,,
jbot,ShippingAddress.java,0,0,0,0,0,0,False,False,False,,,
jbot,ShippingAddress.java,0,0,0,1,0,0,True,False,False,,,
jbot,ShippingAddress.java,0,0,0,0,0,0,False,False,False,,,
jbot,Summary.java,0,0,0,0,1,0,False,True,False,,,
jbot,Summary.java,0,0,0,0,1,0,False,True,False,,,
jbot,Summary.java,0,0,0,0,0,0,False,False,False,,,
jbot,Summary.java,0,0,0,0,0,0,False,False,False,,,
jbot,Summary.java,0,0,0,0,0,0,False,False,False,,,
jbot,Summary.java,0,0,0,0,0,0,False,False,False,,,
jbot,Summary.java,0,0,0,1,0,0,True,False,False,,,
jbot,Summary.java,0,0,0,0,0,0,False,False,False,,,
jbot,Summary.java,0,0,0,0,0,0,False,False,False,,,
jbot,Summary.java,0,0,0,0,0,0,False,False,False,,,
jbot,Summary.java,0,0,0,0,0,0,False,False,False,,,
jbot,Summary.java,0,0,0,0,0,0,False,False,False,,,
jbot,User.java,0,0,0,0,1,0,False,True,False,,,
jbot,User.java,0,0,0,0,1,0,False,True,False,,,
jbot,User.java,0,0,0,0,0,0,False,False,False,,,
jbot,User.java,0,0,0,0,0,0,False,False,False,,,
jbot,User.java,0,0,0,0,0,0,False,False,False,,,
jbot,User.java,0,0,0,0,0,0,False,False,False,,,
jbot,User.java,0,0,0,0,0,0,False,False,False,,,
jbot,User.java,0,0,0,0,0,0,False,False,False,,,
jbot,User.java,0,0,0,0,0,0,False,False,False,,,
jbot,User.java,0,0,0,0,0,0,False,False,False,,,
jbot,User.java,0,0,0,0,0,0,False,False,False,,,
jbot,User.java,0,0,0,0,0,0,False,False,False,,,
jbot,User.java,0,0,0,0,0,0,False,False,False,,,
jbot,User.java,0,0,0,0,0,0,False,False,False,,,
jbot,User.java,0,0,0,0,0,0,False,False,False,,,
jbot,User.java,0,0,0,0,0,0,False,False,False,,,
jbot,User.java,0,0,0,0,0,0,False,False,False,,,
jbot,User.java,0,0,0,0,0,0,False,False,False,,,
jbot,User.java,0,0,0,0,0,0,False,False,False,,,
jbot,User.java,0,0,0,0,0,0,False,False,False,,,
jbot,User.java,0,0,0,0,0,0,False,False,False,,,
jbot,User.java,0,0,0,0,0,0,False,False,False,,,
jbot,User.java,0,0,0,0,0,0,False,False,False,,,
jbot,User.java,0,0,0,0,0,0,False,False,False,,,
jbot,User.java,0,0,0,0,0,0,False,False,False,,,
jbot,User.java,0,0,0,0,0,0,False,False,False,,,
jbot,User.java,0,0,0,0,0,0,False,False,False,,,
jbot,User.java,0,0,0,0,0,0,False,False,False,,,
jbot,User.java,0,0,0,0,0,0,False,False,False,,,
jbot,User.java,0,0,0,0,0,0,False,False,False,,,
jbot,Bot.java,0,1,5,0,0,5,False,False,False,,,
jbot,Bot.java,0,1,5,0,2,5,False,True,False,,,
jbot,Bot.java,0,1,5,0,1,5,False,False,False,,,
jbot,Bot.java,0,1,5,0,1,5,False,False,False,,,
jbot,Bot.java,0,1,5,0,1,5,False,False,False,,,
jbot,Bot.java,0,1,5,0,1,5,False,False,False,,,
jbot,Bot.java,0,1,5,0,1,5,False,False,False,,,
jbot,Bot.java,0,1,5,0,1,5,False,False,False,,,
jbot,Bot.java,0,1,5,0,1,5,False,False,False,,,
jbot,Bot.java,0,1,5,0,1,5,False,False,False,,,
jbot,Bot.java,0,1,5,0,1,5,False,False,False,,,
jbot,Bot.java,0,1,5,0,1,5,False,False,False,,,
jbot,Bot.java,0,1,5,0,1,5,False,False,False,,,
jbot,Bot.java,0,1,5,0,1,5,False,False,False,,,
jbot,Bot.java,0,1,5,1,1,5,True,False,False,,,
jbot,Bot.java,0,1,5,0,1,5,False,False,False,,,
jbot,Bot.java,0,1,5,0,1,5,False,False,False,,,
jbot,Bot.java,0,1,5,0,2,5,False,True,False,,,
jbot,Bot.java,0,1,5,0,1,5,False,False,False,,,
jbot,Bot.java,0,1,5,0,1,5,False,False,False,,,
jbot,Bot.java,0,1,5,0,1,5,False,False,False,,,
jbot,Bot.java,0,1,5,0,1,5,False,False,False,,,
jbot,Bot.java,0,1,5,0,2,5,False,True,False,,,
jbot,Bot.java,0,1,5,0,1,5,False,False,False,,,
jbot,Bot.java,0,1,5,0,1,5,False,False,False,,,
jbot,Bot.java,0,1,5,0,1,5,False,False,False,,,
jbot,Bot.java,0,1,5,0,2,5,False,True,False,,,
jbot,Bot.java,0,1,5,0,2,5,False,True,False,,,
jbot,Bot.java,0,1,5,1,1,5,True,False,False,,,
jbot,Bot.java,0,1,5,0,1,5,False,False,False,,,
jbot,Bot.java,0,1,5,0,2,5,False,True,False,,,
jbot,Bot.java,0,1,5,0,1,5,False,False,False,,,
jbot,Bot.java,0,1,5,0,1,5,False,False,False,,,
jbot,Bot.java,0,1,5,0,1,5,False,False,False,,,
jbot,Bot.java,0,1,5,0,2,5,False,True,False,,,
jbot,Bot.java,0,1,5,0,1,5,False,False,False,,,
jbot,Bot.java,0,1,5,0,1,5,False,False,False,,,
jbot,Bot.java,0,1,5,0,1,5,False,False,False,,,
jbot,Bot.java,0,1,5,0,3,5,False,True,False,,,
jbot,Bot.java,0,1,5,0,1,5,False,False,False,,,
jbot,Bot.java,0,1,5,0,1,5,False,False,False,,,
jbot,Bot.java,0,1,5,0,2,5,False,True,False,,,
jbot,Bot.java,0,1,5,0,1,5,False,False,False,,,
jbot,Bot.java,0,1,5,0,3,5,False,True,False,,,
jbot,Bot.java,0,1,5,0,1,5,False,False,False,,,
jbot,Bot.java,0,1,5,0,1,5,False,False,False,,,
jbot,Bot.java,0,1,5,0,3,5,False,True,False,,,
jbot,Bot.java,0,1,5,0,1,5,False,False,False,,,
jbot,Bot.java,0,1,5,1,2,5,True,True,False,,,
jbot,Bot.java,0,1,5,0,1,5,False,False,False,,,
jbot,Bot.java,0,1,5,0,2,5,False,True,False,,,
jbot,Bot.java,0,1,5,0,2,5,False,True,False,,,
jbot,Bot.java,0,1,5,0,1,5,False,False,False,,,
jbot,Bot.java,0,1,5,0,1,5,False,False,False,,,
jbot,Bot.java,0,1,5,0,1,5,False,False,False,,,
jbot,Bot.java,0,1,5,0,1,5,False,False,False,,,
jbot,Bot.java,0,1,5,0,1,5,False,False,False,,,
jbot,Bot.java,0,1,5,0,2,5,False,True,False,,,
jbot,Bot.java,0,1,5,1,2,5,True,True,False,,,
jbot,Bot.java,0,1,5,0,1,5,False,False,False,,,
jbot,Bot.java,0,1,5,0,1,5,False,False,False,,,
jbot,Bot.java,0,1,5,0,2,5,False,True,False,,,
jbot,Bot.java,0,1,5,0,1,5,False,False,False,,,
jbot,Bot.java,0,1,5,0,2,5,False,True,False,,,
jbot,Bot.java,0,1,5,0,1,5,False,False,False,,,
jbot,Bot.java,0,1,5,0,1,5,False,False,False,,,
jbot,Bot.java,0,1,5,0,1,5,False,False,False,,,
jbot,Bot.java,0,1,5,0,1,5,False,False,False,,,
jbot,Bot.java,0,1,5,2,1,5,True,False,False,,,
jbot,Bot.java,0,1,5,0,1,5,False,False,False,,,
jbot,Bot.java,0,1,5,2,1,5,True,False,False,,,
jbot,Bot.java,0,1,5,0,1,5,False,False,False,,,
jbot,Bot.java,0,1,5,1,1,5,True,False,False,,,
jbot,Bot.java,0,1,5,1,1,5,True,False,False,,,
jbot,Bot.java,0,1,5,0,1,5,False,False,False,,,
jbot,Bot.java,0,1,5,0,1,5,False,False,False,,,
jbot,Bot.java,0,1,5,0,1,5,False,False,False,,,
jbot,Bot.java,0,1,5,0,2,5,False,True,False,,,
jbot,Bot.java,0,1,5,0,1,5,False,False,False,,,
jbot,Bot.java,0,1,5,0,1,5,False,False,False,,,
jbot,Bot.java,0,1,5,0,2,5,False,True,False,,,
jbot,Bot.java,0,1,5,0,1,5,False,False,False,,,
jbot,Bot.java,0,1,5,1,2,5,True,True,False,,,
jbot,Bot.java,0,1,5,2,2,5,True,True,False,,,
jbot,Bot.java,0,1,5,2,2,5,True,True,False,,,
jbot,Bot.java,0,1,5,0,1,5,False,False,False,,,
jbot,Bot.java,0,1,5,1,1,5,True,False,False,,,
jbot,Bot.java,0,1,5,1,1,5,True,False,False,,,
jbot,Bot.java,0,1,5,0,1,5,False,False,False,,,
jbot,Bot.java,0,1,5,0,2,5,False,True,False,,,
jbot,Bot.java,0,1,5,0,1,5,False,False,False,,,
jbot,Bot.java,0,1,5,0,1,5,False,False,False,,,
jbot,Bot.java,0,1,5,1,2,5,True,True,False,,,
jbot,Bot.java,0,1,5,2,1,5,True,False,False,,,
jbot,Bot.java,0,1,5,0,1,5,False,False,False,,,
jbot,Bot.java,0,1,5,0,1,5,False,False,False,,,
jbot,Bot.java,0,1,5,0,1,5,False,False,False,,,
jbot,Bot.java,0,1,5,0,1,5,False,False,False,,,
jbot,Bot.java,0,1,5,0,1,5,False,False,False,,,
jbot,Bot.java,0,1,5,0,1,5,False,False,False,,,
jbot,Bot.java,0,1,5,0,1,5,False,False,False,,,
jbot,Bot.java,0,1,5,0,1,5,False,False,False,,,
jbot,Bot.java,0,1,5,0,1,5,False,False,False,,,
jbot,Bot.java,0,1,5,0,1,5,False,False,False,,,
jbot,Bot.java,0,1,5,0,2,5,False,True,False,,,
jbot,Bot.java,0,1,5,0,1,5,False,False,False,,,
jbot,Bot.java,0,1,5,0,1,5,False,False,False,,,
jbot,Bot.java,0,1,5,0,1,5,False,False,False,,,
jbot,Bot.java,0,1,5,0,3,5,False,True,False,,,
jbot,Bot.java,0,1,5,0,1,5,False,False,False,,,
jbot,Bot.java,0,1,5,0,1,5,False,False,False,,,
jbot,Bot.java,0,1,5,0,1,5,False,False,False,,,
jbot,Bot.java,0,1,5,0,1,5,False,False,False,,,
jbot,Bot.java,0,1,5,0,2,5,False,True,False,,,
jbot,Bot.java,0,1,5,0,2,5,False,True,False,,,
jbot,Bot.java,0,1,5,1,1,5,True,False,False,,,
jbot,Bot.java,0,1,5,1,1,5,True,False,False,,,
jbot,Bot.java,0,1,5,0,2,5,False,True,False,,,
jbot,Bot.java,0,1,5,0,2,5,False,True,False,,,
jbot,Bot.java,0,1,5,1,1,5,True,False,False,,,
jbot,Bot.java,0,1,5,1,1,5,True,False,False,,,
jbot,Bot.java,0,1,5,0,2,5,False,True,False,,,
jbot,Bot.java,0,1,5,1,2,5,True,True,False,,,
jbot,Bot.java,0,1,5,0,2,5,False,True,False,,,
jbot,Bot.java,0,1,5,3,2,5,True,True,False,,,
jbot,Bot.java,0,1,5,0,1,5,False,False,False,,,
jbot,Bot.java,0,1,5,0,1,5,False,False,False,,,
jbot,Bot.java,0,1,5,0,1,5,False,False,False,,,
jbot,Bot.java,0,1,5,0,1,5,False,False,False,,,
jbot,Bot.java,0,1,5,2,2,5,True,True,False,,,
jbot,Bot.java,0,1,5,0,1,5,False,False,False,,,
jbot,Bot.java,0,1,5,1,1,5,True,False,False,,,
jbot,Bot.java,0,1,5,0,1,5,False,False,False,,,
jbot,Bot.java,0,1,5,0,2,5,False,True,False,,,
jbot,Bot.java,0,1,5,0,2,5,False,True,False,,,
jbot,Bot.java,0,1,5,0,1,5,False,False,False,,,
jbot,Bot.java,0,1,5,0,2,5,False,True,False,,,
jbot,Bot.java,0,1,5,0,1,5,False,False,False,,,
jbot,Bot.java,0,1,5,1,1,5,True,False,False,,,
jbot,Bot.java,0,1,5,1,1,5,True,False,False,,,
jbot,Bot.java,0,1,5,0,2,5,False,True,False,,,
jbot,Bot.java,0,1,5,0,1,5,False,False,False,,,
jbot,Bot.java,0,1,5,0,1,5,False,False,False,,,
jbot,Bot.java,0,1,5,0,1,5,False,False,False,,,
jbot,Bot.java,0,1,5,0,1,5,False,False,False,,,
jbot,Bot.java,0,1,5,0,1,5,False,False,False,,,
jbot,SlackApiEndpoints.java,0,0,0,0,0,0,False,False,False,,,
jbot,SlackApiEndpoints.java,0,0,0,0,1,0,False,True,False,,,
jbot,SlackApiEndpoints.java,0,0,0,1,1,0,True,True,False,,,
jbot,SlackApiEndpoints.java,0,0,0,0,0,0,False,False,False,,,
jbot,SlackApiEndpoints.java,0,0,0,0,0,0,False,False,False,,,
jbot,SlackService.java,0,0,0,0,1,0,False,True,False,,,
jbot,SlackService.java,0,0,0,0,1,0,False,True,False,,,
jbot,SlackService.java,0,0,0,0,0,0,False,False,False,,,
jbot,SlackService.java,0,0,0,0,0,0,False,False,False,,,
jbot,SlackService.java,0,0,0,0,0,0,False,False,False,,,
jbot,SlackService.java,0,0,0,0,3,0,False,True,False,,,
jbot,SlackService.java,0,0,0,0,0,0,False,False,False,,,
jbot,SlackService.java,0,0,0,0,0,0,False,False,False,,,
jbot,SlackService.java,0,0,0,0,0,0,False,False,False,,,
jbot,SlackService.java,0,0,0,0,0,0,False,False,False,,,
jbot,SlackService.java,0,0,0,0,0,0,False,False,False,,,
jbot,SlackService.java,0,0,0,0,1,0,False,True,False,,,
jbot,SlackService.java,0,0,0,0,0,0,False,False,False,,,
jbot,SlackService.java,0,0,0,0,0,0,False,False,False,,,
jbot,SlackService.java,0,0,0,0,0,0,False,False,False,,,
jbot,SlackService.java,0,0,0,0,0,0,False,False,False,,,
jbot,SlackService.java,0,0,0,1,2,0,True,True,False,,,
jbot,SlackService.java,0,0,0,0,0,0,False,False,False,,,
jbot,SlackService.java,0,0,0,0,0,0,False,False,False,,,
jbot,SlackService.java,0,0,0,0,0,0,False,False,False,,,
jbot,Attachment.java,2,0,0,2,1,0,False,True,False,,,
jbot,Attachment.java,2,0,0,2,0,0,False,False,False,,,
jbot,Attachment.java,2,0,0,2,0,0,False,False,False,,,
jbot,Attachment.java,2,0,0,2,0,0,False,False,False,,,
jbot,Attachment.java,2,0,0,2,0,0,False,False,False,,,
jbot,Attachment.java,2,0,0,2,0,0,False,False,False,,,
jbot,Attachment.java,2,0,0,2,0,0,False,False,False,,,
jbot,Attachment.java,2,0,0,2,0,0,False,False,False,,,
jbot,Attachment.java,2,0,0,2,0,0,False,False,False,,,
jbot,Attachment.java,2,0,0,2,0,0,False,False,False,,,
jbot,Attachment.java,2,0,0,2,0,0,False,False,False,,,
jbot,Attachment.java,2,0,0,2,0,0,False,False,False,,,
jbot,Attachment.java,2,0,0,2,0,0,False,False,False,,,
jbot,Attachment.java,2,0,0,2,0,0,False,False,False,,,
jbot,Attachment.java,2,0,0,2,0,0,False,False,False,,,
jbot,Attachment.java,2,0,0,2,0,0,False,False,False,,,
jbot,Attachment.java,2,0,0,2,0,0,False,False,False,,,
jbot,Attachment.java,2,0,0,3,0,0,True,False,False,,,
jbot,Attachment.java,2,0,0,3,0,0,True,False,False,,,
jbot,Attachment.java,2,0,0,3,0,0,True,False,False,,,
jbot,Attachment.java,2,0,0,2,0,0,False,False,False,,,
jbot,Attachment.java,2,0,0,2,0,0,False,False,False,,,
jbot,Attachment.java,2,0,0,2,0,0,False,False,False,,,
jbot,Attachment.java,2,0,0,3,0,0,True,False,False,,,
jbot,Attachment.java,2,0,0,2,0,0,False,False,False,,,
jbot,Attachment.java,2,0,0,3,0,0,True,False,False,,,
jbot,Attachment.java,2,0,0,2,0,0,False,False,False,,,
jbot,Attachment.java,2,0,0,2,0,0,False,False,False,,,
jbot,Attachment.java,2,0,0,2,0,0,False,False,False,,,
jbot,Attachment.java,2,0,0,3,0,0,True,False,False,,,
jbot,Attachment.java,2,0,0,2,0,0,False,False,False,,,
jbot,Attachment.java,2,0,0,3,0,0,True,False,False,,,
jbot,Attachment.java,2,0,0,2,0,0,False,False,False,,,
jbot,Bot.java,0,0,5,0,1,5,False,True,False,,,
jbot,Bot.java,0,0,5,1,0,5,True,False,False,,,
jbot,Bot.java,0,0,5,1,0,5,True,False,False,,,
jbot,Bot.java,0,0,5,1,0,5,True,False,False,,,
jbot,Channel.java,0,0,0,0,1,0,False,True,False,,,
jbot,Channel.java,0,0,0,0,0,0,False,False,False,,,
jbot,Channel.java,0,0,0,0,0,0,False,False,False,,,
jbot,Channel.java,0,0,0,0,0,0,False,False,False,,,
jbot,Channel.java,0,0,0,0,0,0,False,False,False,,,
jbot,Channel.java,0,0,0,0,0,0,False,False,False,,,
jbot,Channel.java,0,0,0,0,0,0,False,False,False,,,
jbot,Channel.java,0,0,0,0,0,0,False,False,False,,,
jbot,Channel.java,0,0,0,0,0,0,False,False,False,,,
jbot,Channel.java,0,0,0,0,0,0,False,False,False,,,
jbot,Channel.java,0,0,0,0,0,0,False,False,False,,,
jbot,Channel.java,0,0,0,0,0,0,False,False,False,,,
jbot,Channel.java,0,0,0,0,0,0,False,False,False,,,
jbot,Channel.java,0,0,0,0,0,0,False,False,False,,,
jbot,Channel.java,0,0,0,0,0,0,False,False,False,,,
jbot,Comment.java,0,0,0,0,1,0,False,True,False,,,
jbot,Comment.java,0,0,0,0,0,0,False,False,False,,,
jbot,Comment.java,0,0,0,0,0,0,False,False,False,,,
jbot,Comment.java,0,0,0,0,0,0,False,False,False,,,
jbot,Comment.java,0,0,0,0,0,0,False,False,False,,,
jbot,Comment.java,0,0,0,0,0,0,False,False,False,,,
jbot,Comment.java,0,0,0,0,0,0,False,False,False,,,
jbot,DndStatus.java,0,0,0,0,1,0,False,True,False,,,
jbot,DndStatus.java,0,0,0,0,0,0,False,False,False,,,
jbot,DndStatus.java,0,0,0,0,0,0,False,False,False,,,
jbot,DndStatus.java,0,0,0,0,0,0,False,False,False,,,
jbot,DndStatus.java,0,0,0,0,0,0,False,False,False,,,
jbot,DndStatus.java,0,0,0,0,0,0,False,False,False,,,
jbot,DndStatus.java,0,0,0,0,0,0,False,False,False,,,
jbot,DndStatus.java,0,0,0,0,0,0,False,False,False,,,
jbot,DndStatus.java,0,0,0,0,0,0,False,False,False,,,
jbot,DndStatus.java,0,0,0,0,0,0,False,False,False,,,
jbot,DndStatus.java,0,0,0,0,0,0,False,False,False,,,
jbot,DndStatus.java,0,0,0,0,0,0,False,False,False,,,
jbot,DndStatus.java,0,0,0,0,0,0,False,False,False,,,
jbot,DndStatus.java,0,0,0,0,0,0,False,False,False,,,
jbot,DndStatus.java,0,0,0,0,0,0,False,False,False,,,
jbot,DndStatus.java,0,0,0,0,0,0,False,False,False,,,
jbot,Edited.java,0,0,0,0,1,0,False,True,False,,,
jbot,Edited.java,0,0,0,1,0,0,True,False,False,,,
jbot,Edited.java,0,0,0,1,0,0,True,False,False,,,
jbot,Error.java,0,0,0,0,1,0,False,True,False,,,
jbot,Error.java,0,0,0,0,0,0,False,False,False,,,
jbot,Error.java,0,0,0,1,0,0,True,False,False,,,
jbot,Event.java,15,0,0,15,1,0,False,True,False,,,
jbot,Event.java,15,0,0,15,0,0,False,False,False,,,
jbot,Event.java,15,0,0,15,0,0,False,False,False,,,
jbot,Event.java,15,0,0,15,0,0,False,False,False,,,
jbot,Event.java,15,0,0,15,0,0,False,False,False,,,
jbot,Event.java,15,0,0,15,0,0,False,False,False,,,
jbot,Event.java,15,0,0,15,0,0,False,False,False,,,
jbot,Event.java,15,0,0,15,0,0,False,False,False,,,
jbot,Event.java,15,0,0,15,0,0,False,False,False,,,
jbot,Event.java,15,0,0,15,0,0,False,False,False,,,
jbot,Event.java,15,0,0,15,0,0,False,False,False,,,
jbot,Event.java,15,0,0,15,0,0,False,False,False,,,
jbot,Event.java,15,0,0,15,0,0,False,False,False,,,
jbot,Event.java,15,0,0,15,0,0,False,False,False,,,
jbot,Event.java,15,0,0,15,0,0,False,False,False,,,
jbot,Event.java,15,0,0,15,0,0,False,False,False,,,
jbot,Event.java,15,0,0,15,0,0,False,False,False,,,
jbot,Event.java,15,0,0,15,0,0,False,False,False,,,
jbot,Event.java,15,0,0,15,0,0,False,False,False,,,
jbot,Event.java,15,0,0,15,0,0,False,False,False,,,
jbot,Event.java,15,0,0,15,0,0,False,False,False,,,
jbot,Event.java,15,0,0,15,0,0,False,False,False,,,
jbot,Event.java,15,0,0,15,0,0,False,False,False,,,
jbot,Event.java,15,0,0,15,0,0,False,False,False,,,
jbot,Event.java,15,0,0,15,0,0,False,False,False,,,
jbot,Event.java,15,0,0,15,0,0,False,False,False,,,
jbot,Event.java,15,0,0,15,0,0,False,False,False,,,
jbot,Event.java,15,0,0,15,0,0,False,False,False,,,
jbot,Event.java,15,0,0,15,0,0,False,False,False,,,
jbot,Event.java,15,0,0,15,0,0,False,False,False,,,
jbot,Event.java,15,0,0,15,0,0,False,False,False,,,
jbot,Event.java,15,0,0,15,0,0,False,False,False,,,
jbot,Event.java,15,0,0,15,0,0,False,False,False,,,
jbot,Event.java,15,0,0,15,0,0,False,False,False,,,
jbot,Event.java,15,0,0,15,0,0,False,False,False,,,
jbot,Event.java,15,0,0,15,0,0,False,False,False,,,
jbot,Event.java,15,0,0,15,0,0,False,False,False,,,
jbot,Event.java,15,0,0,15,0,0,False,False,False,,,
jbot,Event.java,15,0,0,15,0,0,False,False,False,,,
jbot,Event.java,15,0,0,15,0,0,False,False,False,,,
jbot,Event.java,15,0,0,15,0,0,False,False,False,,,
jbot,Event.java,15,0,0,15,0,0,False,False,False,,,
jbot,Event.java,15,0,0,15,0,0,False,False,False,,,
jbot,Event.java,15,0,0,15,0,0,False,False,False,,,
jbot,Event.java,15,0,0,15,0,0,False,False,False,,,
jbot,Event.java,15,0,0,15,0,0,False,False,False,,,
jbot,Event.java,15,0,0,15,0,0,False,False,False,,,
jbot,Event.java,15,0,0,14,0,0,False,False,False,,,
jbot,Event.java,15,0,0,15,0,0,False,False,False,,,
jbot,Event.java,15,0,0,14,0,0,False,False,False,,,
jbot,Event.java,15,0,0,15,0,0,False,False,False,,,
jbot,Event.java,15,0,0,15,0,0,False,False,False,,,
jbot,Event.java,15,0,0,15,0,0,False,False,False,,,
jbot,Event.java,15,0,0,15,0,0,False,False,False,,,
jbot,Event.java,15,0,0,15,0,0,False,False,False,,,
jbot,Event.java,15,0,0,15,0,0,False,False,False,,,
jbot,Event.java,15,0,0,14,0,0,False,False,False,,,
jbot,Event.java,15,0,0,15,0,0,False,False,False,,,
jbot,Event.java,15,0,0,15,0,0,False,False,False,,,
jbot,Event.java,15,0,0,15,0,0,False,False,False,,,
jbot,Event.java,15,0,0,15,0,0,False,False,False,,,
jbot,Event.java,15,0,0,15,0,0,False,False,False,,,
jbot,Event.java,15,0,0,15,0,0,False,False,False,,,
jbot,Event.java,15,0,0,15,0,0,False,False,False,,,
jbot,Event.java,15,0,0,15,0,0,False,False,False,,,
jbot,Event.java,15,0,0,14,0,0,False,False,False,,,
jbot,Event.java,15,0,0,15,0,0,False,False,False,,,
jbot,Event.java,15,0,0,15,0,0,False,False,False,,,
jbot,Event.java,15,0,0,15,0,0,False,False,False,,,
jbot,Event.java,15,0,0,15,0,0,False,False,False,,,
jbot,Event.java,15,0,0,15,0,0,False,False,False,,,
jbot,Event.java,15,0,0,15,0,0,False,False,False,,,
jbot,Event.java,15,0,0,15,0,0,False,False,False,,,
jbot,Event.java,15,0,0,15,0,0,False,False,False,,,
jbot,Event.java,15,0,0,15,0,0,False,False,False,,,
jbot,Event.java,15,0,0,15,0,0,False,False,False,,,
jbot,Event.java,15,0,0,15,0,0,False,False,False,,,
jbot,Event.java,15,0,0,15,0,0,False,False,False,,,
jbot,Event.java,15,0,0,15,0,0,False,False,False,,,
jbot,Event.java,15,0,0,15,0,0,False,False,False,,,
jbot,Event.java,15,0,0,15,0,0,False,False,False,,,
jbot,Event.java,15,0,0,15,0,0,False,False,False,,,
jbot,Event.java,15,0,0,15,0,0,False,False,False,,,
jbot,Event.java,15,0,0,15,1,0,False,True,False,,,
jbot,Event.java,15,0,0,15,0,0,False,False,False,,,
jbot,Event.java,15,0,0,15,0,0,False,False,False,,,
jbot,Event.java,15,0,0,15,0,0,False,False,False,,,
jbot,Event.java,15,0,0,15,1,0,False,True,False,,,
jbot,Event.java,15,0,0,15,0,0,False,False,False,,,
jbot,Event.java,15,0,0,15,0,0,False,False,False,,,
jbot,Event.java,15,0,0,15,0,0,False,False,False,,,
jbot,Event.java,15,0,0,15,0,0,False,False,False,,,
jbot,Event.java,15,0,0,15,1,0,False,True,False,,,
jbot,Event.java,15,0,0,15,0,0,False,False,False,,,
jbot,Event.java,15,0,0,15,0,0,False,False,False,,,
jbot,Event.java,15,0,0,15,0,0,False,False,False,,,
jbot,Event.java,15,0,0,15,1,0,False,True,False,,,
jbot,Event.java,15,0,0,15,0,0,False,False,False,,,
jbot,Event.java,15,0,0,15,0,0,False,False,False,,,
jbot,Event.java,15,0,0,15,0,0,False,False,False,,,
jbot,Event.java,15,0,0,15,0,0,False,False,False,,,
jbot,Event.java,15,0,0,15,1,0,False,True,False,,,
jbot,Event.java,15,0,0,15,0,0,False,False,False,,,
jbot,Event.java,15,0,0,15,0,0,False,False,False,,,
jbot,Event.java,15,0,0,15,0,0,False,False,False,,,
jbot,Event.java,15,0,0,15,1,0,False,True,False,,,
jbot,Event.java,15,0,0,15,0,0,False,False,False,,,
jbot,Event.java,15,0,0,15,0,0,False,False,False,,,
jbot,Event.java,15,0,0,15,0,0,False,False,False,,,
jbot,Event.java,15,0,0,15,0,0,False,False,False,,,
jbot,Event.java,15,0,0,15,1,0,False,True,False,,,
jbot,Event.java,15,0,0,15,0,0,False,False,False,,,
jbot,Event.java,15,0,0,15,0,0,False,False,False,,,
jbot,Event.java,15,0,0,15,0,0,False,False,False,,,
jbot,Event.java,15,0,0,15,1,0,False,True,False,,,
jbot,Event.java,15,0,0,15,0,0,False,False,False,,,
jbot,Event.java,15,0,0,15,0,0,False,False,False,,,
jbot,Event.java,15,0,0,15,0,0,False,False,False,,,
jbot,Event.java,15,0,0,14,0,0,False,False,False,,,
jbot,Event.java,15,0,0,15,0,0,False,False,False,,,
jbot,Field.java,0,0,0,0,1,0,False,True,False,,,
jbot,Field.java,0,0,0,0,0,0,False,False,False,,,
jbot,Field.java,0,0,0,0,0,0,False,False,False,,,
jbot,Field.java,0,0,0,0,0,0,False,False,False,,,
jbot,Field.java,0,0,0,0,0,0,False,False,False,,,
jbot,Field.java,0,0,0,1,0,0,True,False,False,,,
jbot,Field.java,0,0,0,1,0,0,True,False,False,,,
jbot,Field.java,0,0,0,0,0,0,False,False,False,,,
jbot,Field.java,0,0,0,0,0,0,False,False,False,,,
jbot,File.java,8,0,0,8,1,0,False,True,False,,,
jbot,File.java,8,0,0,8,0,0,False,False,False,,,
jbot,File.java,8,0,0,8,0,0,False,False,False,,,
jbot,File.java,8,0,0,8,0,0,False,False,False,,,
jbot,File.java,8,0,0,8,0,0,False,False,False,,,
jbot,File.java,8,0,0,8,0,0,False,False,False,,,
jbot,File.java,8,0,0,8,0,0,False,False,False,,,
jbot,File.java,8,0,0,8,0,0,False,False,False,,,
jbot,File.java,8,0,0,8,0,0,False,False,False,,,
jbot,File.java,8,0,0,8,0,0,False,False,False,,,
jbot,File.java,8,0,0,8,0,0,False,False,False,,,
jbot,File.java,8,0,0,8,0,0,False,False,False,,,
jbot,File.java,8,0,0,8,0,0,False,False,False,,,
jbot,File.java,8,0,0,8,0,0,False,False,False,,,
jbot,File.java,8,0,0,8,0,0,False,False,False,,,
jbot,File.java,8,0,0,8,0,0,False,False,False,,,
jbot,File.java,8,0,0,8,0,0,False,False,False,,,
jbot,File.java,8,0,0,8,0,0,False,False,False,,,
jbot,File.java,8,0,0,8,0,0,False,False,False,,,
jbot,File.java,8,0,0,8,0,0,False,False,False,,,
jbot,File.java,8,0,0,8,0,0,False,False,False,,,
jbot,File.java,8,0,0,8,0,0,False,False,False,,,
jbot,File.java,8,0,0,8,0,0,False,False,False,,,
jbot,File.java,8,0,0,8,0,0,False,False,False,,,
jbot,File.java,8,0,0,8,0,0,False,False,False,,,
jbot,File.java,8,0,0,8,0,0,False,False,False,,,
jbot,File.java,8,0,0,8,0,0,False,False,False,,,
jbot,File.java,8,0,0,8,0,0,False,False,False,,,
jbot,File.java,8,0,0,8,0,0,False,False,False,,,
jbot,File.java,8,0,0,8,0,0,False,False,False,,,
jbot,File.java,8,0,0,8,0,0,False,False,False,,,
jbot,File.java,8,0,0,8,0,0,False,False,False,,,
jbot,File.java,8,0,0,8,0,0,False,False,False,,,
jbot,File.java,8,0,0,8,0,0,False,False,False,,,
jbot,File.java,8,0,0,8,0,0,False,False,False,,,
jbot,File.java,8,0,0,8,0,0,False,False,False,,,
jbot,File.java,8,0,0,8,0,0,False,False,False,,,
jbot,File.java,8,0,0,8,0,0,False,False,False,,,
jbot,File.java,8,0,0,8,0,0,False,False,False,,,
jbot,File.java,8,0,0,8,0,0,False,False,False,,,
jbot,File.java,8,0,0,8,0,0,False,False,False,,,
jbot,File.java,8,0,0,8,0,0,False,False,False,,,
jbot,File.java,8,0,0,8,0,0,False,False,False,,,
jbot,File.java,8,0,0,8,0,0,False,False,False,,,
jbot,File.java,8,0,0,8,0,0,False,False,False,,,
jbot,File.java,8,0,0,8,0,0,False,False,False,,,
jbot,File.java,8,0,0,8,0,0,False,False,False,,,
jbot,File.java,8,0,0,8,0,0,False,False,False,,,
jbot,File.java,8,0,0,8,0,0,False,False,False,,,
jbot,File.java,8,0,0,8,0,0,False,False,False,,,
jbot,File.java,8,0,0,8,0,0,False,False,False,,,
jbot,File.java,8,0,0,8,0,0,False,False,False,,,
jbot,File.java,8,0,0,8,0,0,False,False,False,,,
jbot,File.java,8,0,0,8,0,0,False,False,False,,,
jbot,File.java,8,0,0,8,0,0,False,False,False,,,
jbot,File.java,8,0,0,8,0,0,False,False,False,,,
jbot,File.java,8,0,0,8,0,0,False,False,False,,,
jbot,File.java,8,0,0,8,0,0,False,False,False,,,
jbot,File.java,8,0,0,8,0,0,False,False,False,,,
jbot,File.java,8,0,0,8,0,0,False,False,False,,,
jbot,File.java,8,0,0,8,0,0,False,False,False,,,
jbot,File.java,8,0,0,8,0,0,False,False,False,,,
jbot,File.java,8,0,0,8,0,0,False,False,False,,,
jbot,File.java,8,0,0,8,0,0,False,False,False,,,
jbot,File.java,8,0,0,8,0,0,False,False,False,,,
jbot,File.java,8,0,0,8,0,0,False,False,False,,,
jbot,File.java,8,0,0,8,0,0,False,False,False,,,
jbot,File.java,8,0,0,8,0,0,False,False,False,,,
jbot,File.java,8,0,0,8,0,0,False,False,False,,,
jbot,File.java,8,0,0,8,0,0,False,False,False,,,
jbot,File.java,8,0,0,8,0,0,False,False,False,,,
jbot,File.java,8,0,0,8,0,0,False,False,False,,,
jbot,File.java,8,0,0,8,0,0,False,False,False,,,
jbot,File.java,8,0,0,8,0,0,False,False,False,,,
jbot,File.java,8,0,0,8,0,0,False,False,False,,,
jbot,File.java,8,0,0,8,0,0,False,False,False,,,
jbot,File.java,8,0,0,8,0,0,False,False,False,,,
jbot,File.java,8,0,0,8,0,0,False,False,False,,,
jbot,File.java,8,0,0,8,0,0,False,False,False,,,
jbot,File.java,8,0,0,8,0,0,False,False,False,,,
jbot,File.java,8,0,0,8,0,0,False,False,False,,,
jbot,File.java,8,0,0,8,0,0,False,False,False,,,
jbot,File.java,8,0,0,7,0,0,False,False,False,,,
jbot,File.java,8,0,0,7,0,0,False,False,False,,,
jbot,File.java,8,0,0,7,0,0,False,False,False,,,
jbot,File.java,8,0,0,8,0,0,False,False,False,,,
jbot,File.java,8,0,0,8,0,0,False,False,False,,,
jbot,File.java,8,0,0,8,0,0,False,False,False,,,
jbot,File.java,8,0,0,7,0,0,False,False,False,,,
jbot,File.java,8,0,0,8,0,0,False,False,False,,,
jbot,File.java,8,0,0,8,0,0,False,False,False,,,
jbot,Icon.java,0,0,0,0,1,0,False,True,False,,,
jbot,Icon.java,0,0,0,1,0,0,True,False,False,,,
jbot,Icon.java,0,0,0,1,0,0,True,False,False,,,
jbot,Icon.java,0,0,0,1,0,0,True,False,False,,,
jbot,Icon.java,0,0,0,1,0,0,True,False,False,,,
jbot,Icon.java,0,0,0,1,0,0,True,False,False,,,
jbot,Icon.java,0,0,0,1,0,0,True,False,False,,,
jbot,Item.java,0,0,0,0,1,0,False,True,False,,,
jbot,Item.java,0,0,0,1,0,0,True,False,False,,,
jbot,Item.java,0,0,0,1,0,0,True,False,False,,,
jbot,Item.java,0,0,0,1,0,0,True,False,False,,,
jbot,Item.java,0,0,0,0,0,0,False,False,False,,,
jbot,Item.java,0,0,0,1,0,0,True,False,False,,,
jbot,Message.java,6,0,0,6,1,0,False,True,False,,,
jbot,Message.java,6,0,0,6,1,0,False,True,False,,,
jbot,Message.java,6,0,0,6,0,0,False,False,False,,,
jbot,Message.java,6,0,0,6,0,0,False,False,False,,,
jbot,Message.java,6,0,0,6,0,0,False,False,False,,,
jbot,Message.java,6,0,0,6,0,0,False,False,False,,,
jbot,Message.java,6,0,0,6,0,0,False,False,False,,,
jbot,Message.java,6,0,0,6,0,0,False,False,False,,,
jbot,Message.java,6,0,0,6,0,0,False,False,False,,,
jbot,Message.java,6,0,0,6,0,0,False,False,False,,,
jbot,Message.java,6,0,0,6,0,0,False,False,False,,,
jbot,Message.java,6,0,0,6,0,0,False,False,False,,,
jbot,Message.java,6,0,0,6,0,0,False,False,False,,,
jbot,Message.java,6,0,0,6,0,0,False,False,False,,,
jbot,Message.java,6,0,0,6,0,0,False,False,False,,,
jbot,Message.java,6,0,0,6,0,0,False,False,False,,,
jbot,Message.java,6,0,0,6,1,0,False,True,False,,,
jbot,Message.java,6,0,0,6,0,0,False,False,False,,,
jbot,Message.java,6,0,0,7,0,0,True,False,False,,,
jbot,Message.java,6,0,0,7,0,0,True,False,False,,,
jbot,Message.java,6,0,0,7,0,0,True,False,False,,,
jbot,Message.java,6,0,0,7,0,0,True,False,False,,,
jbot,Message.java,6,0,0,6,0,0,False,False,False,,,
jbot,Message.java,6,0,0,7,0,0,True,False,False,,,
jbot,Message.java,6,0,0,6,0,0,False,False,False,,,
jbot,Message.java,6,0,0,6,0,0,False,False,False,,,
jbot,Message.java,6,0,0,7,0,0,True,False,False,,,
jbot,Message.java,6,0,0,6,0,0,False,False,False,,,
jbot,Message.java,6,0,0,6,0,0,False,False,False,,,
jbot,Message.java,6,0,0,6,0,0,False,False,False,,,
jbot,Message.java,6,0,0,6,0,0,False,False,False,,,
jbot,Message.java,6,0,0,6,0,0,False,False,False,,,
jbot,Message.java,6,0,0,6,0,0,False,False,False,,,
jbot,Message.java,6,0,0,6,0,0,False,False,False,,,
jbot,Prefs.java,4,0,0,4,1,0,False,True,False,,,
jbot,Prefs.java,4,0,0,4,0,0,False,False,False,,,
jbot,Prefs.java,4,0,0,4,0,0,False,False,False,,,
jbot,Profile.java,0,0,0,0,1,0,False,True,False,,,
jbot,Profile.java,0,0,0,0,0,0,False,False,False,,,
jbot,Profile.java,0,0,0,0,0,0,False,False,False,,,
jbot,Profile.java,0,0,0,0,0,0,False,False,False,,,
jbot,Profile.java,0,0,0,0,0,0,False,False,False,,,
jbot,Profile.java,0,0,0,0,0,0,False,False,False,,,
jbot,Profile.java,0,0,0,0,0,0,False,False,False,,,
jbot,Profile.java,0,0,0,0,0,0,False,False,False,,,
jbot,Profile.java,0,0,0,0,0,0,False,False,False,,,
jbot,Profile.java,0,0,0,0,0,0,False,False,False,,,
jbot,Profile.java,0,0,0,0,0,0,False,False,False,,,
jbot,Profile.java,0,0,0,0,0,0,False,False,False,,,
jbot,Profile.java,0,0,0,0,0,0,False,False,False,,,
jbot,Profile.java,0,0,0,0,0,0,False,False,False,,,
jbot,Profile.java,0,0,0,1,0,0,True,False,False,,,
jbot,Profile.java,0,0,0,1,0,0,True,False,False,,,
jbot,Profile.java,0,0,0,1,0,0,True,False,False,,,
jbot,Profile.java,0,0,0,1,0,0,True,False,False,,,
jbot,Profile.java,0,0,0,1,0,0,True,False,False,,,
jbot,Profile.java,0,0,0,1,0,0,True,False,False,,,
jbot,Profile.java,0,0,0,1,0,0,True,False,False,,,
jbot,Profile.java,0,0,0,1,0,0,True,False,False,,,
jbot,Profile.java,0,0,0,1,0,0,True,False,False,,,
jbot,Profile.java,0,0,0,0,0,0,False,False,False,,,
jbot,Profile.java,0,0,0,0,0,0,False,False,False,,,
jbot,RTM.java,0,0,0,0,1,0,False,True,False,,,
jbot,RTM.java,0,0,0,0,0,0,False,False,False,,,
jbot,RTM.java,0,0,0,0,0,0,False,False,False,,,
jbot,Reaction.java,2,0,0,2,1,0,False,True,False,,,
jbot,Reaction.java,2,0,0,3,0,0,True,False,False,,,
jbot,Reaction.java,2,0,0,2,0,0,False,False,False,,,
jbot,Reaction.java,2,0,0,2,0,0,False,False,False,,,
jbot,ResponseMetadata.java,0,0,0,0,1,0,False,True,False,,,
jbot,ResponseMetadata.java,0,0,0,0,1,0,False,True,False,,,
jbot,ResponseMetadata.java,0,0,0,0,0,0,False,False,False,,,
jbot,ResponseMetadata.java,0,0,0,0,0,0,False,False,False,,,
jbot,RichMessage.java,2,0,0,2,1,0,False,True,False,,,
jbot,RichMessage.java,2,0,0,2,0,0,False,False,False,,,
jbot,RichMessage.java,2,0,0,2,0,0,False,False,False,,,
jbot,RichMessage.java,2,0,0,2,0,0,False,False,False,,,
jbot,RichMessage.java,2,0,0,2,1,0,False,True,False,,,
jbot,RichMessage.java,2,0,0,2,0,0,False,False,False,,,
jbot,RichMessage.java,2,0,0,2,0,0,False,False,False,,,
jbot,RichMessage.java,2,0,0,2,0,0,False,False,False,,,
jbot,RichMessage.java,2,0,0,2,0,0,False,False,False,,,
jbot,RichMessage.java,2,0,0,2,0,0,False,False,False,,,
jbot,RichMessage.java,2,0,0,2,0,0,False,False,False,,,
jbot,RichMessage.java,2,0,0,2,0,0,False,False,False,,,
jbot,RichMessage.java,2,0,0,2,0,0,False,False,False,,,
jbot,RichMessage.java,2,0,0,2,0,0,False,False,False,,,
jbot,RichMessage.java,2,0,0,2,0,0,False,False,False,,,
jbot,RichMessage.java,2,0,0,2,0,0,False,False,False,,,
jbot,RichMessage.java,2,0,0,2,0,0,False,False,False,,,
jbot,RichMessage.java,2,0,0,3,0,0,True,False,False,,,
jbot,RichMessage.java,2,0,0,2,0,0,False,False,False,,,
jbot,RichMessage.java,2,0,0,3,0,0,True,False,False,,,
jbot,RichMessage.java,2,0,0,2,0,0,False,False,False,,,
jbot,RichMessage.java,2,0,0,2,0,0,False,False,False,,,
jbot,RichMessage.java,2,0,0,2,0,0,False,False,False,,,
jbot,User.java,0,0,0,0,1,0,False,True,False,,,
jbot,User.java,0,0,0,0,0,0,False,False,False,,,
jbot,User.java,0,0,0,0,0,0,False,False,False,,,
jbot,User.java,0,0,0,0,0,0,False,False,False,,,
jbot,User.java,0,0,0,0,0,0,False,False,False,,,
jbot,User.java,0,0,0,0,0,0,False,False,False,,,
jbot,User.java,0,0,0,0,0,0,False,False,False,,,
jbot,User.java,0,0,0,0,0,0,False,False,False,,,
jbot,User.java,0,0,0,0,0,0,False,False,False,,,
jbot,User.java,0,0,0,0,0,0,False,False,False,,,
jbot,User.java,0,0,0,0,0,0,False,False,False,,,
jbot,User.java,0,0,0,0,0,0,False,False,False,,,
jbot,User.java,0,0,0,0,0,0,False,False,False,,,
jbot,User.java,0,0,0,0,0,0,False,False,False,,,
jbot,User.java,0,0,0,0,0,0,False,False,False,,,
jbot,User.java,0,0,0,0,0,0,False,False,False,,,
jbot,User.java,0,0,0,0,0,0,False,False,False,,,
jbot,User.java,0,0,0,0,0,0,False,False,False,,,
jbot,User.java,0,0,0,0,0,0,False,False,False,,,
jbot,User.java,0,0,0,0,0,0,False,False,False,,,
jbot,User.java,0,0,0,0,0,0,False,False,False,,,
jbot,User.java,0,0,0,0,0,0,False,False,False,,,
jbot,User.java,0,0,0,0,0,0,False,False,False,,,
jbot,User.java,0,0,0,0,0,0,False,False,False,,,
jbot,User.java,0,0,0,0,0,0,False,False,False,,,
jbot,User.java,0,0,0,0,0,0,False,False,False,,,
jbot,User.java,0,0,0,0,0,0,False,False,False,,,
jbot,User.java,0,0,0,0,0,0,False,False,False,,,
jbot,User.java,0,0,0,0,0,0,False,False,False,,,
jbot,User.java,0,0,0,0,0,0,False,False,False,,,
jbot,User.java,0,0,0,0,0,0,False,False,False,,,
jbot,UserGroup.java,2,0,0,2,1,0,False,True,False,,,
jbot,UserGroup.java,2,0,0,2,0,0,False,False,False,,,
jbot,UserGroup.java,2,0,0,2,0,0,False,False,False,,,
jbot,UserGroup.java,2,0,0,2,0,0,False,False,False,,,
jbot,UserGroup.java,2,0,0,2,0,0,False,False,False,,,
jbot,UserGroup.java,2,0,0,2,0,0,False,False,False,,,
jbot,UserGroup.java,2,0,0,2,0,0,False,False,False,,,
jbot,UserGroup.java,2,0,0,2,0,0,False,False,False,,,
jbot,UserGroup.java,2,0,0,2,0,0,False,False,False,,,
jbot,UserGroup.java,2,0,0,2,0,0,False,False,False,,,
jbot,UserGroup.java,2,0,0,2,0,0,False,False,False,,,
jbot,UserGroup.java,2,0,0,2,0,0,False,False,False,,,
jbot,UserGroup.java,2,0,0,2,0,0,False,False,False,,,
jbot,UserGroup.java,2,0,0,2,0,0,False,False,False,,,
jbot,UserGroup.java,2,0,0,2,0,0,False,False,False,,,
jbot,UserGroup.java,2,0,0,2,0,0,False,False,False,,,
jbot,UserGroup.java,2,0,0,2,0,0,False,False,False,,,
jbot,UserGroup.java,2,0,0,2,0,0,False,False,False,,,
jbot,UserGroup.java,2,0,0,2,0,0,False,False,False,,,
jbot,UserGroup.java,2,0,0,2,0,0,False,False,False,,,
jbot,UserGroup.java,2,0,0,2,0,0,False,False,False,,,
jbot,UserGroup.java,2,0,0,2,0,0,False,False,False,,,
jbot,UserGroup.java,2,0,0,2,0,0,False,False,False,,,
jbot,UserGroup.java,2,0,0,3,0,0,True,False,False,,,
jbot,UserGroup.java,2,0,0,2,0,0,False,False,False,,,
jbot,UserGroup.java,2,0,0,2,0,0,False,False,False,,,
jbot,UserGroup.java,2,0,0,3,0,0,True,False,False,,,
jbot,UserGroup.java,2,0,0,3,0,0,True,False,False,,,
jbot,UserGroup.java,2,0,0,3,0,0,True,False,False,,,
jbot,UserGroup.java,2,0,0,2,0,0,False,False,False,,,
jbot,UserGroup.java,2,0,0,2,0,0,False,False,False,,,
jbot,UserGroup.java,2,0,0,2,0,0,False,False,False,,,
jbot,UserGroup.java,2,0,0,2,0,0,False,False,False,,,
jbot,UserGroup.java,2,0,0,2,0,0,False,False,False,,,
jbot,UserGroup.java,2,0,0,2,0,0,False,False,False,,,
jbot,UserGroup.java,2,0,0,2,0,0,False,False,False,,,
jbot,UserGroup.java,2,0,0,2,0,0,False,False,False,,,
jbot,UserGroup.java,2,0,0,3,0,0,True,False,False,,,
jbot,UserGroup.java,2,0,0,2,0,0,False,False,False,,,
jbot,UserGroup.java,2,0,0,2,0,0,False,False,False,,,
jbot,EventTypeTest.java,-1,0,0,-1,0,0,False,False,False,,,
jbot,EventTypeTest.java,-1,0,0,-1,0,0,False,False,False,,,
jbot,EventTypeTest.java,-1,0,0,-1,0,0,False,False,False,,,
jbot,EventTypeTest.java,-1,0,0,-1,0,0,False,False,False,,,
jbot,EventTypeTest.java,-1,0,0,-1,0,0,False,False,False,,,
jbot,EventTypeTest.java,-1,0,0,-1,0,0,False,False,False,,,
jbot,EventTypeTest.java,-1,0,0,-1,0,0,False,False,False,,,
jbot,EventTypeTest.java,-1,0,0,-1,0,0,False,False,False,,,
jbot,EventTypeTest.java,-1,0,0,-1,0,0,False,False,False,,,
